video_name,second,label
1-MaleGlasses.avi,0,normal
1-MaleGlasses.avi,1.03,normal
1-MaleGlasses.avi,2.07,normal
1-MaleGlasses.avi,3.1,normal
1-MaleGlasses.avi,4.13,normal
1-MaleGlasses.avi,5.17,normal
1-MaleGlasses.avi,6.2,normal
1-MaleGlasses.avi,7.23,normal
1-MaleGlasses.avi,8.27,normal
1-MaleGlasses.avi,9.3,normal
1-MaleGlasses.avi,10.33,normal
1-MaleGlasses.avi,11.37,normal
1-MaleGlasses.avi,12.4,normal
1-MaleGlasses.avi,13.43,normal
1-MaleGlasses.avi,14.47,normal
1-MaleGlasses.avi,15.5,normal
1-MaleGlasses.avi,16.53,normal
1-MaleGlasses.avi,17.57,normal
1-MaleGlasses.avi,18.6,normal
1-MaleGlasses.avi,19.63,normal
1-MaleGlasses.avi,20.67,normal
1-MaleGlasses.avi,21.7,normal
1-MaleGlasses.avi,22.73,normal
1-MaleGlasses.avi,23.77,normal
1-MaleGlasses.avi,24.8,normal
1-MaleGlasses.avi,25.83,normal
1-MaleGlasses.avi,26.17,yawn
1-MaleGlasses.avi,26.5,yawn
1-MaleGlasses.avi,26.83,yawn
1-MaleGlasses.avi,27.17,yawn
1-MaleGlasses.avi,27.5,yawn
1-MaleGlasses.avi,27.83,yawn
1-MaleGlasses.avi,28.17,yawn
1-MaleGlasses.avi,28.5,yawn
1-MaleGlasses.avi,28.83,yawn
1-MaleGlasses.avi,29.17,yawn
1-MaleGlasses.avi,29.5,yawn
1-MaleGlasses.avi,30.53,normal
1-MaleGlasses.avi,31.57,normal
1-MaleGlasses.avi,32.6,normal
1-MaleGlasses.avi,33.63,normal
1-MaleGlasses.avi,34.67,normal
1-MaleGlasses.avi,35.7,normal
1-MaleGlasses.avi,36.73,normal
1-MaleGlasses.avi,37.77,normal
1-MaleGlasses.avi,38.8,normal
1-MaleGlasses.avi,39.83,normal
1-MaleGlasses.avi,40.87,normal
1-MaleGlasses.avi,41.9,normal
1-MaleGlasses.avi,42.93,normal
1-MaleGlasses.avi,43.97,normal
1-MaleGlasses.avi,45,normal
1-MaleGlasses.avi,46.03,normal
1-MaleGlasses.avi,47.07,normal
1-MaleGlasses.avi,48.1,normal
1-MaleGlasses.avi,49.13,normal
1-MaleGlasses.avi,50.17,normal
1-MaleGlasses.avi,51.2,normal
1-MaleGlasses.avi,52.23,normal
1-MaleGlasses.avi,53.03,yawn
1-MaleGlasses.avi,53.37,yawn
1-MaleGlasses.avi,53.7,yawn
1-MaleGlasses.avi,54.03,yawn
1-MaleGlasses.avi,54.37,yawn
1-MaleGlasses.avi,54.7,yawn
1-MaleGlasses.avi,55.03,yawn
1-MaleGlasses.avi,55.37,yawn
1-MaleGlasses.avi,55.7,yawn
1-MaleGlasses.avi,56.03,yawn
1-MaleGlasses.avi,56.37,yawn
1-MaleGlasses.avi,56.7,yawn
1-MaleGlasses.avi,57.03,yawn
1-MaleGlasses.avi,57.37,yawn
1-MaleGlasses.avi,57.7,yawn
1-MaleGlasses.avi,58.03,yawn
1-MaleGlasses.avi,59.07,normal
1-MaleGlasses.avi,60.1,normal
1-MaleGlasses.avi,61.13,normal
1-MaleGlasses.avi,62.17,normal
1-MaleGlasses.avi,63.2,normal
1-MaleGlasses.avi,64.23,normal
1-MaleGlasses.avi,65.27,normal
1-MaleGlasses.avi,66.3,normal
1-MaleGlasses.avi,67.33,normal
1-MaleGlasses.avi,68.37,normal
1-MaleGlasses.avi,69.4,normal
1-MaleGlasses.avi,70.43,normal
1-MaleGlasses.avi,71.47,normal
1-MaleGlasses.avi,72.5,normal
1-MaleGlasses.avi,73.53,normal
1-MaleGlasses.avi,74.57,normal
1-MaleGlasses.avi,75.6,normal
1-MaleGlasses.avi,76.63,normal
1-MaleGlasses.avi,77.03,yawn
1-MaleGlasses.avi,77.37,yawn
1-MaleGlasses.avi,77.7,yawn
1-MaleGlasses.avi,78.03,yawn
1-MaleGlasses.avi,78.37,yawn
1-MaleGlasses.avi,78.7,yawn
1-MaleGlasses.avi,79.03,yawn
1-MaleGlasses.avi,79.37,yawn
1-MaleGlasses.avi,79.7,yawn
1-MaleGlasses.avi,80.03,yawn
1-MaleGlasses.avi,80.37,yawn
1-MaleGlasses.avi,80.7,yawn
1-MaleGlasses.avi,81.03,yawn
1-MaleGlasses.avi,82.07,normal
1-MaleGlasses.avi,83.1,normal
1-MaleGlasses.avi,84.13,normal
1-MaleGlasses.avi,85.17,normal
2-MaleGlasses.avi,0,normal
2-MaleGlasses.avi,1.03,normal
2-MaleGlasses.avi,2.07,normal
2-MaleGlasses.avi,3.1,normal
2-MaleGlasses.avi,4.13,normal
2-MaleGlasses.avi,5.17,normal
2-MaleGlasses.avi,6.2,normal
2-MaleGlasses.avi,7.23,normal
2-MaleGlasses.avi,8.27,normal
2-MaleGlasses.avi,9.3,normal
2-MaleGlasses.avi,10.33,normal
2-MaleGlasses.avi,11.37,normal
2-MaleGlasses.avi,12.4,normal
2-MaleGlasses.avi,13.43,normal
2-MaleGlasses.avi,14.47,normal
2-MaleGlasses.avi,15.5,normal
2-MaleGlasses.avi,16.53,normal
2-MaleGlasses.avi,17.57,normal
2-MaleGlasses.avi,18.6,normal
2-MaleGlasses.avi,19.63,normal
2-MaleGlasses.avi,20.67,normal
2-MaleGlasses.avi,21.7,normal
2-MaleGlasses.avi,22.73,normal
2-MaleGlasses.avi,23.77,normal
2-MaleGlasses.avi,24.8,normal
2-MaleGlasses.avi,25.83,normal
2-MaleGlasses.avi,26.87,normal
2-MaleGlasses.avi,27.9,normal
2-MaleGlasses.avi,28.93,normal
2-MaleGlasses.avi,29.97,normal
2-MaleGlasses.avi,31,normal
2-MaleGlasses.avi,32.03,normal
2-MaleGlasses.avi,33.07,normal
2-MaleGlasses.avi,34.1,normal
2-MaleGlasses.avi,35.13,normal
2-MaleGlasses.avi,36.03,yawn
2-MaleGlasses.avi,36.37,yawn
2-MaleGlasses.avi,36.7,yawn
2-MaleGlasses.avi,37.03,yawn
2-MaleGlasses.avi,37.37,yawn
2-MaleGlasses.avi,37.7,yawn
2-MaleGlasses.avi,38.03,yawn
2-MaleGlasses.avi,38.37,yawn
2-MaleGlasses.avi,38.7,yawn
2-MaleGlasses.avi,39.03,yawn
2-MaleGlasses.avi,39.37,yawn
2-MaleGlasses.avi,39.7,yawn
2-MaleGlasses.avi,40.73,normal
2-MaleGlasses.avi,41.77,normal
2-MaleGlasses.avi,42.8,normal
2-MaleGlasses.avi,43.83,normal
2-MaleGlasses.avi,44.87,normal
2-MaleGlasses.avi,45.9,normal
2-MaleGlasses.avi,46.93,normal
2-MaleGlasses.avi,47.97,normal
2-MaleGlasses.avi,49,normal
2-MaleGlasses.avi,50.03,normal
2-MaleGlasses.avi,51.07,normal
2-MaleGlasses.avi,52.1,normal
2-MaleGlasses.avi,53.03,yawn
2-MaleGlasses.avi,53.37,yawn
2-MaleGlasses.avi,53.7,yawn
2-MaleGlasses.avi,54.03,yawn
2-MaleGlasses.avi,54.37,yawn
2-MaleGlasses.avi,54.7,yawn
2-MaleGlasses.avi,55.03,yawn
2-MaleGlasses.avi,55.37,yawn
2-MaleGlasses.avi,56.4,normal
2-MaleGlasses.avi,57.43,normal
2-MaleGlasses.avi,58.47,normal
2-MaleGlasses.avi,59.5,normal
2-MaleGlasses.avi,60.53,normal
2-MaleGlasses.avi,61.57,normal
2-MaleGlasses.avi,62.6,normal
2-MaleGlasses.avi,63.63,normal
2-MaleGlasses.avi,64.67,normal
2-MaleGlasses.avi,65.7,normal
2-MaleGlasses.avi,66.73,normal
2-MaleGlasses.avi,67.77,normal
2-MaleGlasses.avi,69.03,yawn
2-MaleGlasses.avi,69.37,yawn
2-MaleGlasses.avi,69.7,yawn
2-MaleGlasses.avi,70.03,yawn
2-MaleGlasses.avi,70.37,yawn
2-MaleGlasses.avi,70.7,yawn
2-MaleGlasses.avi,71.03,yawn
2-MaleGlasses.avi,71.37,yawn
2-MaleGlasses.avi,71.7,yawn
2-MaleGlasses.avi,72.03,yawn
2-MaleGlasses.avi,72.37,yawn
2-MaleGlasses.avi,72.7,yawn
2-MaleGlasses.avi,73.03,yawn
2-MaleGlasses.avi,74.07,normal
2-MaleGlasses.avi,75.1,normal
2-MaleGlasses.avi,76.13,normal
2-MaleGlasses.avi,77.17,normal
2-MaleGlasses.avi,78.2,normal
3-MaleGlasses.avi,0.00,normal
3-MaleGlasses.avi,1.03,normal
3-MaleGlasses.avi,2.07,normal
3-MaleGlasses.avi,3.10,normal
3-MaleGlasses.avi,4.13,normal
3-MaleGlasses.avi,5.17,normal
3-MaleGlasses.avi,6.20,normal
3-MaleGlasses.avi,7.23,normal
3-MaleGlasses.avi,8.27,normal
3-MaleGlasses.avi,9.30,normal
3-MaleGlasses.avi,10.33,normal
3-MaleGlasses.avi,11.37,normal
3-MaleGlasses.avi,12.40,normal
3-MaleGlasses.avi,13.43,normal
3-MaleGlasses.avi,14.47,normal
3-MaleGlasses.avi,15.50,normal
3-MaleGlasses.avi,16.53,normal
3-MaleGlasses.avi,17.57,normal
3-MaleGlasses.avi,18.03,yawn
3-MaleGlasses.avi,18.37,yawn
3-MaleGlasses.avi,18.70,yawn
3-MaleGlasses.avi,19.03,yawn
3-MaleGlasses.avi,19.37,yawn
3-MaleGlasses.avi,19.70,yawn
3-MaleGlasses.avi,20.03,yawn
3-MaleGlasses.avi,20.37,yawn
3-MaleGlasses.avi,21.40,normal
3-MaleGlasses.avi,22.43,normal
3-MaleGlasses.avi,23.47,normal
3-MaleGlasses.avi,24.50,normal
3-MaleGlasses.avi,25.53,normal
3-MaleGlasses.avi,26.57,normal
3-MaleGlasses.avi,27.60,normal
3-MaleGlasses.avi,28.63,normal
3-MaleGlasses.avi,29.67,normal
3-MaleGlasses.avi,30.70,normal
3-MaleGlasses.avi,31.73,normal
3-MaleGlasses.avi,32.77,normal
3-MaleGlasses.avi,33.10,yawn
3-MaleGlasses.avi,33.43,yawn
3-MaleGlasses.avi,33.77,yawn
3-MaleGlasses.avi,34.10,yawn
3-MaleGlasses.avi,34.43,yawn
3-MaleGlasses.avi,34.77,yawn
3-MaleGlasses.avi,35.80,normal
3-MaleGlasses.avi,36.83,normal
3-MaleGlasses.avi,37.87,normal
3-MaleGlasses.avi,38.90,normal
3-MaleGlasses.avi,39.93,normal
3-MaleGlasses.avi,40.97,normal
3-MaleGlasses.avi,42.00,normal
3-MaleGlasses.avi,43.03,normal
3-MaleGlasses.avi,44.07,normal
3-MaleGlasses.avi,45.10,normal
3-MaleGlasses.avi,46.03,yawn
3-MaleGlasses.avi,46.37,yawn
3-MaleGlasses.avi,46.70,yawn
3-MaleGlasses.avi,47.03,yawn
3-MaleGlasses.avi,47.37,yawn
3-MaleGlasses.avi,47.70,yawn
3-MaleGlasses.avi,48.03,yawn
3-MaleGlasses.avi,48.37,yawn
3-MaleGlasses.avi,48.70,yawn
3-MaleGlasses.avi,49.73,normal
3-MaleGlasses.avi,50.77,normal
3-MaleGlasses.avi,51.80,normal
3-MaleGlasses.avi,52.83,normal
3-MaleGlasses.avi,53.87,normal
3-MaleGlasses.avi,54.90,normal
3-MaleGlasses.avi,55.93,normal
3-MaleGlasses.avi,56.97,normal
3-MaleGlasses.avi,58.00,normal
3-MaleGlasses.avi,59.03,normal
3-MaleGlasses.avi,60.07,normal
3-MaleGlasses.avi,61.10,normal
3-MaleGlasses.avi,62.13,normal
3-MaleGlasses.avi,63.17,normal
3-MaleGlasses.avi,64.20,normal
3-MaleGlasses.avi,65.23,normal
3-MaleGlasses.avi,66.27,normal
3-MaleGlasses.avi,67.30,normal
3-MaleGlasses.avi,68.33,normal
3-MaleGlasses.avi,69.37,normal
4-MaleNoGlasses.avi,0.00,normal
4-MaleNoGlasses.avi,1.03,normal
4-MaleNoGlasses.avi,2.07,normal
4-MaleNoGlasses.avi,3.10,normal
4-MaleNoGlasses.avi,4.13,normal
4-MaleNoGlasses.avi,5.17,normal
4-MaleNoGlasses.avi,6.20,normal
4-MaleNoGlasses.avi,7.23,normal
4-MaleNoGlasses.avi,8.27,normal
4-MaleNoGlasses.avi,9.30,normal
4-MaleNoGlasses.avi,10.33,normal
4-MaleNoGlasses.avi,11.37,normal
4-MaleNoGlasses.avi,12.40,normal
4-MaleNoGlasses.avi,13.03,yawn
4-MaleNoGlasses.avi,13.37,yawn
4-MaleNoGlasses.avi,13.70,yawn
4-MaleNoGlasses.avi,14.73,normal
4-MaleNoGlasses.avi,15.77,normal
4-MaleNoGlasses.avi,16.80,normal
4-MaleNoGlasses.avi,17.83,normal
4-MaleNoGlasses.avi,18.87,normal
4-MaleNoGlasses.avi,19.90,normal
4-MaleNoGlasses.avi,20.93,normal
4-MaleNoGlasses.avi,21.97,normal
4-MaleNoGlasses.avi,23.00,normal
4-MaleNoGlasses.avi,24.03,normal
4-MaleNoGlasses.avi,25.07,normal
4-MaleNoGlasses.avi,26.10,normal
4-MaleNoGlasses.avi,27.13,normal
4-MaleNoGlasses.avi,28.17,normal
4-MaleNoGlasses.avi,29.03,yawn
4-MaleNoGlasses.avi,29.37,yawn
4-MaleNoGlasses.avi,29.70,yawn
4-MaleNoGlasses.avi,30.03,yawn
4-MaleNoGlasses.avi,30.37,yawn
4-MaleNoGlasses.avi,30.70,yawn
4-MaleNoGlasses.avi,31.03,yawn
4-MaleNoGlasses.avi,31.37,yawn
4-MaleNoGlasses.avi,31.70,yawn
4-MaleNoGlasses.avi,32.03,yawn
4-MaleNoGlasses.avi,32.37,yawn
4-MaleNoGlasses.avi,32.70,yawn
4-MaleNoGlasses.avi,33.03,yawn
4-MaleNoGlasses.avi,33.37,yawn
4-MaleNoGlasses.avi,33.70,yawn
4-MaleNoGlasses.avi,34.73,normal
4-MaleNoGlasses.avi,35.77,normal
4-MaleNoGlasses.avi,36.80,normal
4-MaleNoGlasses.avi,37.83,normal
4-MaleNoGlasses.avi,38.87,normal
4-MaleNoGlasses.avi,39.90,normal
4-MaleNoGlasses.avi,40.93,normal
4-MaleNoGlasses.avi,41.97,normal
4-MaleNoGlasses.avi,43.00,normal
4-MaleNoGlasses.avi,44.03,normal
4-MaleNoGlasses.avi,45.07,normal
4-MaleNoGlasses.avi,46.10,normal
4-MaleNoGlasses.avi,47.13,normal
4-MaleNoGlasses.avi,48.17,normal
4-MaleNoGlasses.avi,49.20,normal
4-MaleNoGlasses.avi,50.23,normal
4-MaleNoGlasses.avi,51.03,yawn
4-MaleNoGlasses.avi,51.37,yawn
4-MaleNoGlasses.avi,51.70,yawn
4-MaleNoGlasses.avi,52.03,yawn
4-MaleNoGlasses.avi,52.37,yawn
4-MaleNoGlasses.avi,52.70,yawn
4-MaleNoGlasses.avi,53.03,yawn
4-MaleNoGlasses.avi,53.37,yawn
4-MaleNoGlasses.avi,53.70,yawn
4-MaleNoGlasses.avi,54.03,yawn
4-MaleNoGlasses.avi,54.37,yawn
4-MaleNoGlasses.avi,54.70,yawn
4-MaleNoGlasses.avi,55.03,yawn
4-MaleNoGlasses.avi,56.07,normal
4-MaleNoGlasses.avi,57.10,normal
4-MaleNoGlasses.avi,58.13,normal
4-MaleNoGlasses.avi,59.17,normal
4-MaleNoGlasses.avi,60.20,normal
4-MaleNoGlasses.avi,61.23,normal
4-MaleNoGlasses.avi,62.27,normal
4-MaleNoGlasses.avi,63.30,normal
4-MaleNoGlasses.avi,64.33,normal
4-MaleNoGlasses.avi,65.37,normal
4-MaleNoGlasses.avi,66.40,normal
5-MaleGlasses.avi,0.00,normal
5-MaleGlasses.avi,1.03,normal
5-MaleGlasses.avi,2.07,normal
5-MaleGlasses.avi,3.10,normal
5-MaleGlasses.avi,4.13,normal
5-MaleGlasses.avi,5.17,normal
5-MaleGlasses.avi,6.20,normal
5-MaleGlasses.avi,7.23,normal
5-MaleGlasses.avi,8.27,normal
5-MaleGlasses.avi,9.30,normal
5-MaleGlasses.avi,10.33,normal
5-MaleGlasses.avi,11.37,normal
5-MaleGlasses.avi,12.40,normal
5-MaleGlasses.avi,13.43,normal
5-MaleGlasses.avi,14.47,normal
5-MaleGlasses.avi,15.50,normal
5-MaleGlasses.avi,16.53,normal
5-MaleGlasses.avi,17.57,normal
5-MaleGlasses.avi,18.60,normal
5-MaleGlasses.avi,19.63,normal
5-MaleGlasses.avi,20.67,normal
5-MaleGlasses.avi,21.70,normal
5-MaleGlasses.avi,22.73,normal
5-MaleGlasses.avi,23.77,normal
5-MaleGlasses.avi,24.80,normal
5-MaleGlasses.avi,25.83,normal
5-MaleGlasses.avi,26.87,normal
5-MaleGlasses.avi,27.90,normal
5-MaleGlasses.avi,28.93,normal
5-MaleGlasses.avi,29.97,normal
5-MaleGlasses.avi,31.00,normal
5-MaleGlasses.avi,32.03,normal
5-MaleGlasses.avi,33.07,normal
5-MaleGlasses.avi,34.10,normal
5-MaleGlasses.avi,35.03,yawn
5-MaleGlasses.avi,35.37,yawn
5-MaleGlasses.avi,35.70,yawn
5-MaleGlasses.avi,36.73,normal
5-MaleGlasses.avi,37.77,normal
5-MaleGlasses.avi,38.80,normal
5-MaleGlasses.avi,40.03,yawn
5-MaleGlasses.avi,40.37,yawn
5-MaleGlasses.avi,41.40,normal
5-MaleGlasses.avi,42.43,normal
5-MaleGlasses.avi,43.47,normal
5-MaleGlasses.avi,44.50,normal
5-MaleGlasses.avi,45.53,normal
5-MaleGlasses.avi,46.57,normal
5-MaleGlasses.avi,47.60,normal
5-MaleGlasses.avi,48.63,normal
5-MaleGlasses.avi,49.67,normal
5-MaleGlasses.avi,50.70,normal
5-MaleGlasses.avi,51.73,normal
5-MaleGlasses.avi,52.77,normal
5-MaleGlasses.avi,53.80,normal
5-MaleGlasses.avi,54.83,normal
5-MaleGlasses.avi,55.87,normal
5-MaleGlasses.avi,56.90,normal
5-MaleGlasses.avi,57.93,normal
5-MaleGlasses.avi,58.97,normal
5-MaleGlasses.avi,60.00,normal
5-MaleGlasses.avi,61.03,normal
5-MaleGlasses.avi,62.07,normal
5-MaleGlasses.avi,63.10,normal
5-MaleGlasses.avi,64.13,normal
5-MaleGlasses.avi,65.17,normal
5-MaleGlasses.avi,66.20,normal
5-MaleGlasses.avi,67.23,normal
5-MaleGlasses.avi,68.27,normal
5-MaleGlasses.avi,69.03,yawn
5-MaleGlasses.avi,69.37,yawn
5-MaleGlasses.avi,69.70,yawn
5-MaleGlasses.avi,70.03,yawn
5-MaleGlasses.avi,71.07,normal
5-MaleGlasses.avi,72.10,normal
5-MaleGlasses.avi,73.13,normal
5-MaleGlasses.avi,74.17,normal
5-MaleGlasses.avi,75.20,normal
5-MaleGlasses.avi,76.23,normal
5-MaleGlasses.avi,77.27,normal
5-MaleGlasses.avi,78.30,normal
5-MaleGlasses.avi,79.33,normal
6-MaleGlasses.avi,0.00,normal
6-MaleGlasses.avi,1.03,normal
6-MaleGlasses.avi,2.07,normal
6-MaleGlasses.avi,3.10,normal
6-MaleGlasses.avi,4.13,normal
6-MaleGlasses.avi,5.17,normal
6-MaleGlasses.avi,6.20,normal
6-MaleGlasses.avi,7.23,normal
6-MaleGlasses.avi,8.27,normal
6-MaleGlasses.avi,9.30,normal
6-MaleGlasses.avi,10.33,normal
6-MaleGlasses.avi,11.37,normal
6-MaleGlasses.avi,12.40,normal
6-MaleGlasses.avi,13.43,normal
6-MaleGlasses.avi,14.47,normal
6-MaleGlasses.avi,15.03,yawn
6-MaleGlasses.avi,15.37,yawn
6-MaleGlasses.avi,15.70,yawn
6-MaleGlasses.avi,16.03,yawn
6-MaleGlasses.avi,16.37,yawn
6-MaleGlasses.avi,16.70,yawn
6-MaleGlasses.avi,17.03,yawn
6-MaleGlasses.avi,18.07,normal
6-MaleGlasses.avi,19.10,normal
6-MaleGlasses.avi,20.13,normal
6-MaleGlasses.avi,21.17,normal
6-MaleGlasses.avi,22.20,normal
6-MaleGlasses.avi,23.23,normal
6-MaleGlasses.avi,24.27,normal
6-MaleGlasses.avi,25.30,normal
6-MaleGlasses.avi,26.33,normal
6-MaleGlasses.avi,28.03,yawn
6-MaleGlasses.avi,28.37,yawn
6-MaleGlasses.avi,28.70,yawn
6-MaleGlasses.avi,29.73,normal
6-MaleGlasses.avi,30.77,normal
6-MaleGlasses.avi,31.80,normal
6-MaleGlasses.avi,32.83,normal
6-MaleGlasses.avi,33.87,normal
6-MaleGlasses.avi,34.90,normal
6-MaleGlasses.avi,35.93,normal
6-MaleGlasses.avi,36.97,normal
6-MaleGlasses.avi,38.00,normal
6-MaleGlasses.avi,39.03,normal
6-MaleGlasses.avi,40.07,normal
6-MaleGlasses.avi,41.10,normal
6-MaleGlasses.avi,42.13,normal
6-MaleGlasses.avi,43.03,yawn
6-MaleGlasses.avi,43.37,yawn
6-MaleGlasses.avi,43.70,yawn
6-MaleGlasses.avi,44.03,yawn
6-MaleGlasses.avi,44.37,yawn
6-MaleGlasses.avi,44.70,yawn
6-MaleGlasses.avi,45.03,yawn
6-MaleGlasses.avi,45.37,yawn
6-MaleGlasses.avi,45.70,yawn
6-MaleGlasses.avi,46.03,yawn
6-MaleGlasses.avi,46.37,yawn
6-MaleGlasses.avi,47.40,normal
6-MaleGlasses.avi,48.43,normal
6-MaleGlasses.avi,49.47,normal
6-MaleGlasses.avi,50.50,normal
6-MaleGlasses.avi,51.53,normal
6-MaleGlasses.avi,52.57,normal
6-MaleGlasses.avi,53.60,normal
7-MaleGlasses.avi,0.00,normal
7-MaleGlasses.avi,1.03,normal
7-MaleGlasses.avi,2.07,normal
7-MaleGlasses.avi,3.10,normal
7-MaleGlasses.avi,4.13,normal
7-MaleGlasses.avi,5.17,normal
7-MaleGlasses.avi,6.20,normal
7-MaleGlasses.avi,7.23,normal
7-MaleGlasses.avi,8.27,normal
7-MaleGlasses.avi,9.30,normal
7-MaleGlasses.avi,10.33,normal
7-MaleGlasses.avi,11.37,normal
7-MaleGlasses.avi,12.40,normal
7-MaleGlasses.avi,13.43,normal
7-MaleGlasses.avi,14.47,normal
7-MaleGlasses.avi,16.03,yawn
7-MaleGlasses.avi,16.37,yawn
7-MaleGlasses.avi,16.70,yawn
7-MaleGlasses.avi,17.03,yawn
7-MaleGlasses.avi,17.37,yawn
7-MaleGlasses.avi,17.70,yawn
7-MaleGlasses.avi,18.03,yawn
7-MaleGlasses.avi,18.37,yawn
7-MaleGlasses.avi,18.70,yawn
7-MaleGlasses.avi,19.73,normal
7-MaleGlasses.avi,20.77,normal
7-MaleGlasses.avi,21.80,normal
7-MaleGlasses.avi,22.83,normal
7-MaleGlasses.avi,23.87,normal
7-MaleGlasses.avi,24.90,normal
7-MaleGlasses.avi,25.93,normal
7-MaleGlasses.avi,26.97,normal
7-MaleGlasses.avi,28.00,normal
7-MaleGlasses.avi,29.03,normal
7-MaleGlasses.avi,30.07,normal
7-MaleGlasses.avi,31.10,normal
7-MaleGlasses.avi,32.13,normal
7-MaleGlasses.avi,33.17,normal
7-MaleGlasses.avi,34.20,normal
7-MaleGlasses.avi,35.23,normal
7-MaleGlasses.avi,36.27,normal
7-MaleGlasses.avi,37.30,normal
7-MaleGlasses.avi,38.33,normal
7-MaleGlasses.avi,39.03,yawn
7-MaleGlasses.avi,39.37,yawn
7-MaleGlasses.avi,39.70,yawn
7-MaleGlasses.avi,40.03,yawn
7-MaleGlasses.avi,40.37,yawn
7-MaleGlasses.avi,40.70,yawn
7-MaleGlasses.avi,41.03,yawn
7-MaleGlasses.avi,41.37,yawn
7-MaleGlasses.avi,41.70,yawn
7-MaleGlasses.avi,42.03,yawn
7-MaleGlasses.avi,42.37,yawn
7-MaleGlasses.avi,43.40,normal
7-MaleGlasses.avi,44.43,normal
7-MaleGlasses.avi,45.47,normal
7-MaleGlasses.avi,46.50,normal
7-MaleGlasses.avi,47.53,normal
7-MaleGlasses.avi,48.57,normal
7-MaleGlasses.avi,49.60,normal
7-MaleGlasses.avi,50.63,normal
7-MaleGlasses.avi,51.67,normal
7-MaleGlasses.avi,52.70,normal
7-MaleGlasses.avi,53.73,normal
7-MaleGlasses.avi,55.03,yawn
7-MaleGlasses.avi,55.37,yawn
7-MaleGlasses.avi,55.70,yawn
7-MaleGlasses.avi,56.03,yawn
7-MaleGlasses.avi,56.37,yawn
7-MaleGlasses.avi,56.70,yawn
7-MaleGlasses.avi,57.03,yawn
7-MaleGlasses.avi,57.37,yawn
7-MaleGlasses.avi,58.40,normal
7-MaleGlasses.avi,59.43,normal
7-MaleGlasses.avi,60.47,normal
7-MaleGlasses.avi,61.50,normal
7-MaleGlasses.avi,62.53,normal
7-MaleGlasses.avi,63.57,normal
7-MaleGlasses.avi,64.60,normal
7-MaleGlasses.avi,65.63,normal
7-MaleGlasses.avi,66.67,normal
7-MaleGlasses.avi,67.70,normal
7-MaleGlasses.avi,68.73,normal
7-MaleGlasses.avi,69.77,normal
7-MaleGlasses.avi,70.80,normal
7-MaleGlasses.avi,71.83,normal
7-MaleGlasses.avi,72.87,normal
7-MaleGlasses.avi,73.90,normal
7-MaleGlasses.avi,74.93,normal
7-MaleGlasses.avi,75.97,normal
7-MaleGlasses.avi,77.00,normal
7-MaleGlasses.avi,78.03,normal
7-MaleGlasses.avi,79.07,normal
8-MaleNoGlasses.avi,0.00,normal
8-MaleNoGlasses.avi,1.03,normal
8-MaleNoGlasses.avi,2.07,normal
8-MaleNoGlasses.avi,3.10,normal
8-MaleNoGlasses.avi,4.13,normal
8-MaleNoGlasses.avi,5.17,normal
8-MaleNoGlasses.avi,6.20,normal
8-MaleNoGlasses.avi,7.23,normal
8-MaleNoGlasses.avi,8.27,normal
8-MaleNoGlasses.avi,9.30,normal
8-MaleNoGlasses.avi,10.33,normal
8-MaleNoGlasses.avi,11.37,normal
8-MaleNoGlasses.avi,12.03,yawn
8-MaleNoGlasses.avi,12.37,yawn
8-MaleNoGlasses.avi,12.70,yawn
8-MaleNoGlasses.avi,13.73,normal
8-MaleNoGlasses.avi,14.77,normal
8-MaleNoGlasses.avi,15.80,normal
8-MaleNoGlasses.avi,16.83,normal
8-MaleNoGlasses.avi,17.87,normal
8-MaleNoGlasses.avi,18.90,normal
8-MaleNoGlasses.avi,19.93,normal
8-MaleNoGlasses.avi,20.97,normal
8-MaleNoGlasses.avi,22.00,normal
8-MaleNoGlasses.avi,23.03,normal
8-MaleNoGlasses.avi,24.07,normal
8-MaleNoGlasses.avi,25.10,normal
8-MaleNoGlasses.avi,26.13,normal
8-MaleNoGlasses.avi,27.17,normal
8-MaleNoGlasses.avi,28.20,normal
8-MaleNoGlasses.avi,29.23,normal
8-MaleNoGlasses.avi,30.27,normal
8-MaleNoGlasses.avi,31.30,normal
8-MaleNoGlasses.avi,32.33,normal
8-MaleNoGlasses.avi,33.37,normal
8-MaleNoGlasses.avi,34.40,normal
8-MaleNoGlasses.avi,35.43,normal
8-MaleNoGlasses.avi,36.47,normal
8-MaleNoGlasses.avi,37.50,normal
8-MaleNoGlasses.avi,38.53,normal
8-MaleNoGlasses.avi,39.57,normal
8-MaleNoGlasses.avi,41.03,yawn
8-MaleNoGlasses.avi,41.37,yawn
8-MaleNoGlasses.avi,41.70,yawn
8-MaleNoGlasses.avi,42.73,normal
8-MaleNoGlasses.avi,43.77,normal
8-MaleNoGlasses.avi,44.80,normal
8-MaleNoGlasses.avi,45.83,normal
8-MaleNoGlasses.avi,46.87,normal
8-MaleNoGlasses.avi,47.90,normal
8-MaleNoGlasses.avi,48.93,normal
8-MaleNoGlasses.avi,49.97,normal
8-MaleNoGlasses.avi,51.00,normal
8-MaleNoGlasses.avi,52.03,normal
8-MaleNoGlasses.avi,53.07,normal
8-MaleNoGlasses.avi,54.10,normal
8-MaleNoGlasses.avi,55.13,normal
8-MaleNoGlasses.avi,56.17,normal
8-MaleNoGlasses.avi,57.20,normal
8-MaleNoGlasses.avi,59.03,yawn
8-MaleNoGlasses.avi,59.37,yawn
8-MaleNoGlasses.avi,59.70,yawn
8-MaleNoGlasses.avi,60.03,yawn
8-MaleNoGlasses.avi,60.37,yawn
8-MaleNoGlasses.avi,61.40,normal
8-MaleNoGlasses.avi,62.43,normal
8-MaleNoGlasses.avi,63.47,normal
8-MaleNoGlasses.avi,64.50,normal
8-MaleNoGlasses.avi,65.53,normal
8-MaleNoGlasses.avi,66.57,normal
8-MaleNoGlasses.avi,67.60,normal
8-MaleNoGlasses.avi,68.63,normal
8-MaleNoGlasses.avi,69.67,normal
8-MaleNoGlasses.avi,70.70,normal
8-MaleNoGlasses.avi,71.73,normal
9-MaleNoGlasses.avi,0.00,normal
9-MaleNoGlasses.avi,1.03,normal
9-MaleNoGlasses.avi,2.07,normal
9-MaleNoGlasses.avi,3.10,normal
9-MaleNoGlasses.avi,4.13,normal
9-MaleNoGlasses.avi,5.17,normal
9-MaleNoGlasses.avi,6.20,normal
9-MaleNoGlasses.avi,7.23,normal
9-MaleNoGlasses.avi,8.27,normal
9-MaleNoGlasses.avi,9.30,normal
9-MaleNoGlasses.avi,10.33,normal
9-MaleNoGlasses.avi,11.37,normal
9-MaleNoGlasses.avi,12.40,normal
9-MaleNoGlasses.avi,13.43,normal
9-MaleNoGlasses.avi,14.47,normal
9-MaleNoGlasses.avi,15.50,normal
9-MaleNoGlasses.avi,16.53,normal
9-MaleNoGlasses.avi,17.57,normal
9-MaleNoGlasses.avi,18.60,normal
9-MaleNoGlasses.avi,19.63,normal
9-MaleNoGlasses.avi,20.67,normal
9-MaleNoGlasses.avi,22.03,yawn
9-MaleNoGlasses.avi,22.37,yawn
9-MaleNoGlasses.avi,22.70,yawn
9-MaleNoGlasses.avi,23.03,yawn
9-MaleNoGlasses.avi,23.37,yawn
9-MaleNoGlasses.avi,23.70,yawn
9-MaleNoGlasses.avi,24.03,yawn
9-MaleNoGlasses.avi,24.37,yawn
9-MaleNoGlasses.avi,24.70,yawn
9-MaleNoGlasses.avi,25.03,yawn
9-MaleNoGlasses.avi,26.07,normal
9-MaleNoGlasses.avi,27.10,normal
9-MaleNoGlasses.avi,28.13,normal
9-MaleNoGlasses.avi,29.17,normal
9-MaleNoGlasses.avi,30.20,normal
9-MaleNoGlasses.avi,31.23,normal
9-MaleNoGlasses.avi,32.27,normal
9-MaleNoGlasses.avi,33.30,normal
9-MaleNoGlasses.avi,34.03,yawn
9-MaleNoGlasses.avi,34.37,yawn
9-MaleNoGlasses.avi,34.70,yawn
9-MaleNoGlasses.avi,35.03,yawn
9-MaleNoGlasses.avi,35.37,yawn
9-MaleNoGlasses.avi,35.70,yawn
9-MaleNoGlasses.avi,36.03,yawn
9-MaleNoGlasses.avi,36.37,yawn
9-MaleNoGlasses.avi,36.70,yawn
9-MaleNoGlasses.avi,37.03,yawn
9-MaleNoGlasses.avi,38.07,normal
9-MaleNoGlasses.avi,39.10,normal
9-MaleNoGlasses.avi,40.13,normal
9-MaleNoGlasses.avi,41.17,normal
9-MaleNoGlasses.avi,42.20,normal
9-MaleNoGlasses.avi,43.23,normal
9-MaleNoGlasses.avi,44.27,normal
9-MaleNoGlasses.avi,45.30,normal
9-MaleNoGlasses.avi,46.33,normal
9-MaleNoGlasses.avi,47.37,normal
9-MaleNoGlasses.avi,48.40,normal
9-MaleNoGlasses.avi,49.43,normal
9-MaleNoGlasses.avi,50.47,normal
9-MaleNoGlasses.avi,51.50,normal
9-MaleNoGlasses.avi,52.53,normal
9-MaleNoGlasses.avi,53.57,normal
9-MaleNoGlasses.avi,54.03,yawn
9-MaleNoGlasses.avi,54.37,yawn
9-MaleNoGlasses.avi,54.70,yawn
9-MaleNoGlasses.avi,55.03,yawn
9-MaleNoGlasses.avi,55.37,yawn
9-MaleNoGlasses.avi,55.70,yawn
9-MaleNoGlasses.avi,56.03,yawn
9-MaleNoGlasses.avi,56.37,yawn
9-MaleNoGlasses.avi,56.70,yawn
9-MaleNoGlasses.avi,57.03,yawn
9-MaleNoGlasses.avi,58.07,normal
9-MaleNoGlasses.avi,59.10,normal
9-MaleNoGlasses.avi,60.13,normal
9-MaleNoGlasses.avi,61.17,normal
9-MaleNoGlasses.avi,62.20,normal
9-MaleNoGlasses.avi,63.23,normal
9-MaleNoGlasses.avi,64.27,normal
9-MaleNoGlasses.avi,65.30,normal
9-MaleNoGlasses.avi,66.33,normal
10-MaleGlasses.avi,0.00,normal
10-MaleGlasses.avi,1.03,normal
10-MaleGlasses.avi,2.07,normal
10-MaleGlasses.avi,3.10,normal
10-MaleGlasses.avi,4.13,normal
10-MaleGlasses.avi,5.17,normal
10-MaleGlasses.avi,6.20,normal
10-MaleGlasses.avi,7.23,normal
10-MaleGlasses.avi,8.27,normal
10-MaleGlasses.avi,9.30,normal
10-MaleGlasses.avi,10.33,normal
10-MaleGlasses.avi,11.37,normal
10-MaleGlasses.avi,12.40,normal
10-MaleGlasses.avi,13.43,normal
10-MaleGlasses.avi,14.47,normal
10-MaleGlasses.avi,15.50,normal
10-MaleGlasses.avi,16.53,normal
10-MaleGlasses.avi,17.57,normal
10-MaleGlasses.avi,18.60,normal
10-MaleGlasses.avi,19.63,normal
10-MaleGlasses.avi,20.67,normal
10-MaleGlasses.avi,21.70,normal
10-MaleGlasses.avi,22.73,normal
10-MaleGlasses.avi,23.77,normal
10-MaleGlasses.avi,24.80,normal
10-MaleGlasses.avi,25.83,normal
10-MaleGlasses.avi,26.87,normal
10-MaleGlasses.avi,27.90,normal
10-MaleGlasses.avi,28.93,normal
10-MaleGlasses.avi,30.03,yawn
10-MaleGlasses.avi,30.37,yawn
10-MaleGlasses.avi,30.70,yawn
10-MaleGlasses.avi,31.03,yawn
10-MaleGlasses.avi,31.37,yawn
10-MaleGlasses.avi,31.70,yawn
10-MaleGlasses.avi,32.03,yawn
10-MaleGlasses.avi,32.37,yawn
10-MaleGlasses.avi,32.70,yawn
10-MaleGlasses.avi,33.03,yawn
10-MaleGlasses.avi,34.07,normal
10-MaleGlasses.avi,35.10,normal
10-MaleGlasses.avi,36.13,normal
10-MaleGlasses.avi,37.17,normal
10-MaleGlasses.avi,38.20,normal
10-MaleGlasses.avi,39.23,normal
10-MaleGlasses.avi,40.27,normal
10-MaleGlasses.avi,41.30,normal
10-MaleGlasses.avi,42.33,normal
10-MaleGlasses.avi,43.37,normal
10-MaleGlasses.avi,44.40,normal
10-MaleGlasses.avi,45.43,normal
10-MaleGlasses.avi,46.47,normal
10-MaleGlasses.avi,47.50,normal
10-MaleGlasses.avi,48.53,normal
10-MaleGlasses.avi,49.57,normal
10-MaleGlasses.avi,50.60,normal
10-MaleGlasses.avi,51.63,normal
10-MaleGlasses.avi,52.67,normal
10-MaleGlasses.avi,53.70,normal
10-MaleGlasses.avi,54.73,normal
10-MaleGlasses.avi,55.77,normal
10-MaleGlasses.avi,57.03,yawn
10-MaleGlasses.avi,57.37,yawn
10-MaleGlasses.avi,57.70,yawn
10-MaleGlasses.avi,58.03,yawn
10-MaleGlasses.avi,58.37,yawn
10-MaleGlasses.avi,58.70,yawn
10-MaleGlasses.avi,59.73,normal
10-MaleGlasses.avi,60.77,normal
10-MaleGlasses.avi,61.80,normal
10-MaleGlasses.avi,62.83,normal
10-MaleGlasses.avi,63.87,normal
10-MaleGlasses.avi,64.90,normal
10-MaleGlasses.avi,65.93,normal
10-MaleGlasses.avi,66.97,normal
10-MaleGlasses.avi,68.00,normal
10-MaleGlasses.avi,69.03,normal
10-MaleGlasses.avi,70.07,normal
10-MaleGlasses.avi,71.10,normal
10-MaleGlasses.avi,72.13,normal
10-MaleGlasses.avi,73.17,normal
10-MaleGlasses.avi,74.03,yawn
10-MaleGlasses.avi,74.37,yawn
10-MaleGlasses.avi,74.70,yawn
10-MaleGlasses.avi,75.03,yawn
10-MaleGlasses.avi,75.37,yawn
10-MaleGlasses.avi,75.70,yawn
10-MaleGlasses.avi,76.03,yawn
10-MaleGlasses.avi,76.37,yawn
10-MaleGlasses.avi,76.70,yawn
10-MaleGlasses.avi,77.03,yawn
10-MaleGlasses.avi,77.37,yawn
10-MaleGlasses.avi,77.70,yawn
10-MaleGlasses.avi,78.03,yawn
10-MaleGlasses.avi,78.37,yawn
10-MaleGlasses.avi,78.70,yawn
10-MaleGlasses.avi,79.03,yawn
10-MaleGlasses.avi,79.37,yawn
10-MaleGlasses.avi,79.70,yawn
10-MaleGlasses.avi,80.03,yawn
10-MaleGlasses.avi,80.37,yawn
11-MaleGlasses.avi,0.00,normal
11-MaleGlasses.avi,1.03,normal
11-MaleGlasses.avi,2.07,normal
11-MaleGlasses.avi,3.10,normal
11-MaleGlasses.avi,4.13,normal
11-MaleGlasses.avi,5.17,normal
11-MaleGlasses.avi,6.20,normal
11-MaleGlasses.avi,7.23,normal
11-MaleGlasses.avi,8.27,normal
11-MaleGlasses.avi,9.30,normal
11-MaleGlasses.avi,10.33,normal
11-MaleGlasses.avi,11.37,normal
11-MaleGlasses.avi,12.40,normal
11-MaleGlasses.avi,13.43,normal
11-MaleGlasses.avi,15.03,yawn
11-MaleGlasses.avi,15.37,yawn
11-MaleGlasses.avi,15.70,yawn
11-MaleGlasses.avi,16.03,yawn
11-MaleGlasses.avi,16.37,yawn
11-MaleGlasses.avi,17.40,normal
11-MaleGlasses.avi,18.43,normal
11-MaleGlasses.avi,19.47,normal
11-MaleGlasses.avi,20.50,normal
11-MaleGlasses.avi,21.53,normal
11-MaleGlasses.avi,22.57,normal
11-MaleGlasses.avi,23.60,normal
11-MaleGlasses.avi,24.63,normal
11-MaleGlasses.avi,25.67,normal
11-MaleGlasses.avi,26.70,normal
11-MaleGlasses.avi,27.73,normal
11-MaleGlasses.avi,28.77,normal
11-MaleGlasses.avi,29.80,normal
11-MaleGlasses.avi,30.83,normal
11-MaleGlasses.avi,31.87,normal
11-MaleGlasses.avi,32.90,normal
11-MaleGlasses.avi,33.93,normal
11-MaleGlasses.avi,34.97,normal
11-MaleGlasses.avi,36.00,normal
11-MaleGlasses.avi,37.03,normal
11-MaleGlasses.avi,38.07,normal
11-MaleGlasses.avi,39.10,normal
11-MaleGlasses.avi,40.13,normal
11-MaleGlasses.avi,41.17,normal
11-MaleGlasses.avi,43.03,yawn
11-MaleGlasses.avi,43.37,yawn
11-MaleGlasses.avi,43.70,yawn
11-MaleGlasses.avi,44.03,yawn
11-MaleGlasses.avi,44.37,yawn
11-MaleGlasses.avi,44.70,yawn
11-MaleGlasses.avi,45.03,yawn
11-MaleGlasses.avi,45.37,yawn
11-MaleGlasses.avi,45.70,yawn
11-MaleGlasses.avi,46.03,yawn
11-MaleGlasses.avi,46.37,yawn
11-MaleGlasses.avi,46.70,yawn
11-MaleGlasses.avi,47.73,normal
11-MaleGlasses.avi,48.77,normal
11-MaleGlasses.avi,49.80,normal
11-MaleGlasses.avi,50.83,normal
11-MaleGlasses.avi,51.87,normal
11-MaleGlasses.avi,52.90,normal
11-MaleGlasses.avi,53.93,normal
11-MaleGlasses.avi,54.97,normal
11-MaleGlasses.avi,56.00,normal
11-MaleGlasses.avi,57.03,normal
11-MaleGlasses.avi,58.07,normal
12-MaleGlasses.avi,0.00,normal
12-MaleGlasses.avi,1.03,normal
12-MaleGlasses.avi,2.07,normal
12-MaleGlasses.avi,3.10,normal
12-MaleGlasses.avi,4.13,normal
12-MaleGlasses.avi,5.17,normal
12-MaleGlasses.avi,6.20,normal
12-MaleGlasses.avi,7.23,normal
12-MaleGlasses.avi,8.27,normal
12-MaleGlasses.avi,9.30,normal
12-MaleGlasses.avi,10.33,normal
12-MaleGlasses.avi,11.37,normal
12-MaleGlasses.avi,12.40,normal
12-MaleGlasses.avi,13.43,normal
12-MaleGlasses.avi,14.47,normal
12-MaleGlasses.avi,15.50,normal
12-MaleGlasses.avi,16.53,normal
12-MaleGlasses.avi,17.57,normal
12-MaleGlasses.avi,18.60,normal
12-MaleGlasses.avi,19.63,normal
12-MaleGlasses.avi,20.67,normal
12-MaleGlasses.avi,21.70,normal
12-MaleGlasses.avi,22.73,normal
12-MaleGlasses.avi,23.77,normal
12-MaleGlasses.avi,25.03,yawn
12-MaleGlasses.avi,25.37,yawn
12-MaleGlasses.avi,25.70,yawn
12-MaleGlasses.avi,26.03,yawn
12-MaleGlasses.avi,26.37,yawn
12-MaleGlasses.avi,27.40,normal
12-MaleGlasses.avi,28.43,normal
12-MaleGlasses.avi,29.47,normal
12-MaleGlasses.avi,30.50,normal
12-MaleGlasses.avi,31.03,yawn
12-MaleGlasses.avi,31.37,yawn
12-MaleGlasses.avi,31.70,yawn
12-MaleGlasses.avi,32.73,normal
12-MaleGlasses.avi,33.77,normal
12-MaleGlasses.avi,34.80,normal
12-MaleGlasses.avi,35.83,normal
12-MaleGlasses.avi,36.87,normal
12-MaleGlasses.avi,37.90,normal
12-MaleGlasses.avi,38.93,normal
12-MaleGlasses.avi,39.97,normal
12-MaleGlasses.avi,41.00,normal
12-MaleGlasses.avi,42.03,normal
12-MaleGlasses.avi,43.03,yawn
12-MaleGlasses.avi,43.37,yawn
12-MaleGlasses.avi,43.70,yawn
12-MaleGlasses.avi,44.03,yawn
12-MaleGlasses.avi,44.37,yawn
12-MaleGlasses.avi,44.70,yawn
12-MaleGlasses.avi,45.73,normal
12-MaleGlasses.avi,46.77,normal
12-MaleGlasses.avi,47.80,normal
12-MaleGlasses.avi,48.83,normal
12-MaleGlasses.avi,49.87,normal
12-MaleGlasses.avi,50.90,normal
12-MaleGlasses.avi,51.93,normal
12-MaleGlasses.avi,52.97,normal
12-MaleGlasses.avi,54.00,normal
12-MaleGlasses.avi,55.03,normal
12-MaleGlasses.avi,56.07,normal
12-MaleGlasses.avi,57.10,normal
12-MaleGlasses.avi,58.03,yawn
12-MaleGlasses.avi,58.37,yawn
12-MaleGlasses.avi,58.70,yawn
12-MaleGlasses.avi,59.03,yawn
12-MaleGlasses.avi,59.37,yawn
12-MaleGlasses.avi,59.70,yawn
12-MaleGlasses.avi,60.73,normal
12-MaleGlasses.avi,61.77,normal
12-MaleGlasses.avi,62.80,normal
12-MaleGlasses.avi,63.83,normal
12-MaleGlasses.avi,64.87,normal
13-MaleNoGlasses .avi,0.00,normal
13-MaleNoGlasses .avi,1.03,normal
13-MaleNoGlasses .avi,2.07,normal
13-MaleNoGlasses .avi,3.10,normal
13-MaleNoGlasses .avi,4.13,normal
13-MaleNoGlasses .avi,5.17,normal
13-MaleNoGlasses .avi,6.20,normal
13-MaleNoGlasses .avi,7.23,normal
13-MaleNoGlasses .avi,8.27,normal
13-MaleNoGlasses .avi,9.30,normal
13-MaleNoGlasses .avi,10.33,normal
13-MaleNoGlasses .avi,11.37,normal
13-MaleNoGlasses .avi,12.40,normal
13-MaleNoGlasses .avi,13.43,normal
13-MaleNoGlasses .avi,14.47,normal
13-MaleNoGlasses .avi,15.50,normal
13-MaleNoGlasses .avi,16.53,normal
13-MaleNoGlasses .avi,17.57,normal
13-MaleNoGlasses .avi,18.60,normal
13-MaleNoGlasses .avi,19.63,normal
13-MaleNoGlasses .avi,20.67,normal
13-MaleNoGlasses .avi,21.70,normal
13-MaleNoGlasses .avi,22.73,normal
13-MaleNoGlasses .avi,23.77,normal
13-MaleNoGlasses .avi,24.80,normal
13-MaleNoGlasses .avi,25.83,normal
13-MaleNoGlasses .avi,26.87,normal
13-MaleNoGlasses .avi,27.90,normal
13-MaleNoGlasses .avi,28.93,normal
13-MaleNoGlasses .avi,29.97,normal
13-MaleNoGlasses .avi,31.00,normal
13-MaleNoGlasses .avi,32.03,normal
13-MaleNoGlasses .avi,33.07,normal
13-MaleNoGlasses .avi,34.10,normal
13-MaleNoGlasses .avi,35.03,yawn
13-MaleNoGlasses .avi,35.37,yawn
13-MaleNoGlasses .avi,36.40,normal
13-MaleNoGlasses .avi,37.03,yawn
13-MaleNoGlasses .avi,37.37,yawn
13-MaleNoGlasses .avi,37.70,yawn
13-MaleNoGlasses .avi,38.03,yawn
13-MaleNoGlasses .avi,38.37,yawn
13-MaleNoGlasses .avi,38.70,yawn
13-MaleNoGlasses .avi,39.73,normal
13-MaleNoGlasses .avi,40.77,normal
13-MaleNoGlasses .avi,41.80,normal
13-MaleNoGlasses .avi,42.83,normal
13-MaleNoGlasses .avi,43.87,normal
13-MaleNoGlasses .avi,44.90,normal
13-MaleNoGlasses .avi,45.93,normal
13-MaleNoGlasses .avi,46.97,normal
13-MaleNoGlasses .avi,48.00,normal
13-MaleNoGlasses .avi,49.03,normal
13-MaleNoGlasses .avi,50.07,normal
13-MaleNoGlasses .avi,51.10,normal
13-MaleNoGlasses .avi,52.13,normal
13-MaleNoGlasses .avi,53.17,normal
13-MaleNoGlasses .avi,54.20,normal
13-MaleNoGlasses .avi,55.23,normal
13-MaleNoGlasses .avi,56.27,normal
13-MaleNoGlasses .avi,57.30,normal
13-MaleNoGlasses .avi,58.33,normal
13-MaleNoGlasses .avi,59.37,normal
13-MaleNoGlasses .avi,60.03,yawn
13-MaleNoGlasses .avi,60.37,yawn
13-MaleNoGlasses .avi,60.70,yawn
13-MaleNoGlasses .avi,61.03,yawn
13-MaleNoGlasses .avi,61.37,yawn
13-MaleNoGlasses .avi,62.40,normal
13-MaleNoGlasses .avi,63.43,normal
13-MaleNoGlasses .avi,64.47,normal
13-MaleNoGlasses .avi,65.50,normal
13-MaleNoGlasses .avi,66.53,normal
13-MaleNoGlasses .avi,67.57,normal
13-MaleNoGlasses .avi,68.60,normal
13-MaleNoGlasses .avi,69.63,normal
13-MaleNoGlasses .avi,70.67,normal
13-MaleNoGlasses .avi,71.70,normal
13-MaleNoGlasses .avi,72.73,normal
14-MaleNoGlasses.avi,0.00,normal
14-MaleNoGlasses.avi,1.03,normal
14-MaleNoGlasses.avi,2.07,normal
14-MaleNoGlasses.avi,3.10,normal
14-MaleNoGlasses.avi,4.13,normal
14-MaleNoGlasses.avi,5.17,normal
14-MaleNoGlasses.avi,6.20,normal
14-MaleNoGlasses.avi,7.23,normal
14-MaleNoGlasses.avi,8.27,normal
14-MaleNoGlasses.avi,9.30,normal
14-MaleNoGlasses.avi,10.33,normal
14-MaleNoGlasses.avi,11.37,normal
14-MaleNoGlasses.avi,12.40,normal
14-MaleNoGlasses.avi,13.43,normal
14-MaleNoGlasses.avi,14.47,normal
14-MaleNoGlasses.avi,15.50,normal
14-MaleNoGlasses.avi,16.53,normal
14-MaleNoGlasses.avi,17.57,normal
14-MaleNoGlasses.avi,18.60,normal
14-MaleNoGlasses.avi,19.63,normal
14-MaleNoGlasses.avi,20.67,normal
14-MaleNoGlasses.avi,21.70,normal
14-MaleNoGlasses.avi,22.73,normal
14-MaleNoGlasses.avi,23.77,normal
14-MaleNoGlasses.avi,24.80,normal
14-MaleNoGlasses.avi,26.03,yawn
14-MaleNoGlasses.avi,26.37,yawn
14-MaleNoGlasses.avi,26.70,yawn
14-MaleNoGlasses.avi,27.03,yawn
14-MaleNoGlasses.avi,27.37,yawn
14-MaleNoGlasses.avi,27.70,yawn
14-MaleNoGlasses.avi,28.03,yawn
14-MaleNoGlasses.avi,28.37,yawn
14-MaleNoGlasses.avi,28.70,yawn
14-MaleNoGlasses.avi,29.03,yawn
14-MaleNoGlasses.avi,29.37,yawn
14-MaleNoGlasses.avi,29.70,yawn
14-MaleNoGlasses.avi,30.03,yawn
14-MaleNoGlasses.avi,30.37,yawn
14-MaleNoGlasses.avi,30.70,yawn
14-MaleNoGlasses.avi,31.03,yawn
14-MaleNoGlasses.avi,31.37,yawn
14-MaleNoGlasses.avi,32.40,normal
14-MaleNoGlasses.avi,33.43,normal
14-MaleNoGlasses.avi,34.47,normal
14-MaleNoGlasses.avi,35.50,normal
14-MaleNoGlasses.avi,36.53,normal
14-MaleNoGlasses.avi,37.57,normal
14-MaleNoGlasses.avi,38.60,normal
14-MaleNoGlasses.avi,39.63,normal
14-MaleNoGlasses.avi,40.67,normal
14-MaleNoGlasses.avi,41.70,normal
14-MaleNoGlasses.avi,42.73,normal
14-MaleNoGlasses.avi,43.77,normal
14-MaleNoGlasses.avi,44.80,normal
14-MaleNoGlasses.avi,45.83,normal
14-MaleNoGlasses.avi,46.87,normal
14-MaleNoGlasses.avi,47.90,normal
14-MaleNoGlasses.avi,48.93,normal
14-MaleNoGlasses.avi,49.97,normal
14-MaleNoGlasses.avi,51.00,normal
14-MaleNoGlasses.avi,52.03,normal
14-MaleNoGlasses.avi,53.07,normal
14-MaleNoGlasses.avi,54.10,normal
14-MaleNoGlasses.avi,55.13,normal
14-MaleNoGlasses.avi,56.17,normal
14-MaleNoGlasses.avi,57.20,normal
14-MaleNoGlasses.avi,58.23,normal
14-MaleNoGlasses.avi,59.27,normal
14-MaleNoGlasses.avi,60.30,normal
14-MaleNoGlasses.avi,61.33,normal
14-MaleNoGlasses.avi,62.37,normal
14-MaleNoGlasses.avi,63.40,normal
14-MaleNoGlasses.avi,64.43,normal
14-MaleNoGlasses.avi,65.47,normal
14-MaleNoGlasses.avi,66.50,normal
14-MaleNoGlasses.avi,67.53,normal
14-MaleNoGlasses.avi,68.57,normal
14-MaleNoGlasses.avi,69.60,normal
14-MaleNoGlasses.avi,70.63,normal
14-MaleNoGlasses.avi,71.67,normal
14-MaleNoGlasses.avi,73.03,yawn
14-MaleNoGlasses.avi,73.37,yawn
14-MaleNoGlasses.avi,73.70,yawn
14-MaleNoGlasses.avi,74.03,yawn
14-MaleNoGlasses.avi,74.37,yawn
14-MaleNoGlasses.avi,74.70,yawn
14-MaleNoGlasses.avi,75.03,yawn
14-MaleNoGlasses.avi,75.37,yawn
14-MaleNoGlasses.avi,75.70,yawn
14-MaleNoGlasses.avi,76.03,yawn
14-MaleNoGlasses.avi,76.37,yawn
14-MaleNoGlasses.avi,76.70,yawn
14-MaleNoGlasses.avi,77.03,yawn
14-MaleNoGlasses.avi,77.37,yawn
14-MaleNoGlasses.avi,77.70,yawn
14-MaleNoGlasses.avi,78.73,normal
14-MaleNoGlasses.avi,79.77,normal
14-MaleNoGlasses.avi,80.80,normal
14-MaleNoGlasses.avi,81.83,normal
14-MaleNoGlasses.avi,82.87,normal
14-MaleNoGlasses.avi,83.90,normal
14-MaleNoGlasses.avi,84.93,normal
14-MaleNoGlasses.avi,85.97,normal
14-MaleNoGlasses.avi,87.00,normal
14-MaleNoGlasses.avi,88.03,normal
14-MaleNoGlasses.avi,89.07,normal
14-MaleNoGlasses.avi,90.10,normal
14-MaleNoGlasses.avi,91.13,normal
14-MaleNoGlasses.avi,92.17,normal
14-MaleNoGlasses.avi,93.20,normal
14-MaleNoGlasses.avi,94.23,normal
14-MaleNoGlasses.avi,95.27,normal
14-MaleNoGlasses.avi,96.30,normal
14-MaleNoGlasses.avi,97.33,normal
14-MaleNoGlasses.avi,98.37,normal
14-MaleNoGlasses.avi,99.40,normal
15-MaleGlasses.avi,0.00,normal
15-MaleGlasses.avi,1.03,normal
15-MaleGlasses.avi,2.07,normal
15-MaleGlasses.avi,3.10,normal
15-MaleGlasses.avi,4.13,normal
15-MaleGlasses.avi,5.17,normal
15-MaleGlasses.avi,6.20,normal
15-MaleGlasses.avi,7.23,normal
15-MaleGlasses.avi,8.27,normal
15-MaleGlasses.avi,9.30,normal
15-MaleGlasses.avi,10.33,normal
15-MaleGlasses.avi,11.37,normal
15-MaleGlasses.avi,12.40,normal
15-MaleGlasses.avi,13.43,normal
15-MaleGlasses.avi,14.47,normal
15-MaleGlasses.avi,15.50,normal
15-MaleGlasses.avi,16.53,normal
15-MaleGlasses.avi,17.57,normal
15-MaleGlasses.avi,18.60,normal
15-MaleGlasses.avi,19.63,normal
15-MaleGlasses.avi,20.67,normal
15-MaleGlasses.avi,21.70,normal
15-MaleGlasses.avi,22.73,normal
15-MaleGlasses.avi,23.77,normal
15-MaleGlasses.avi,25.03,yawn
15-MaleGlasses.avi,25.37,yawn
15-MaleGlasses.avi,25.70,yawn
15-MaleGlasses.avi,26.03,yawn
15-MaleGlasses.avi,26.37,yawn
15-MaleGlasses.avi,26.70,yawn
15-MaleGlasses.avi,27.03,yawn
15-MaleGlasses.avi,27.37,yawn
15-MaleGlasses.avi,27.70,yawn
15-MaleGlasses.avi,28.03,yawn
15-MaleGlasses.avi,29.07,normal
15-MaleGlasses.avi,30.10,normal
15-MaleGlasses.avi,31.13,normal
15-MaleGlasses.avi,32.17,normal
15-MaleGlasses.avi,33.20,normal
15-MaleGlasses.avi,34.23,normal
15-MaleGlasses.avi,35.27,normal
15-MaleGlasses.avi,36.30,normal
15-MaleGlasses.avi,37.33,normal
15-MaleGlasses.avi,38.37,normal
15-MaleGlasses.avi,39.40,normal
15-MaleGlasses.avi,40.43,normal
15-MaleGlasses.avi,41.47,normal
15-MaleGlasses.avi,42.50,normal
15-MaleGlasses.avi,43.53,normal
15-MaleGlasses.avi,45.03,yawn
15-MaleGlasses.avi,45.37,yawn
15-MaleGlasses.avi,45.70,yawn
15-MaleGlasses.avi,46.03,yawn
15-MaleGlasses.avi,46.37,yawn
15-MaleGlasses.avi,46.70,yawn
15-MaleGlasses.avi,47.03,yawn
15-MaleGlasses.avi,47.37,yawn
15-MaleGlasses.avi,48.40,normal
15-MaleGlasses.avi,49.43,normal
15-MaleGlasses.avi,50.47,normal
15-MaleGlasses.avi,51.50,normal
15-MaleGlasses.avi,52.53,normal
15-MaleGlasses.avi,53.57,normal
15-MaleGlasses.avi,54.60,normal
15-MaleGlasses.avi,55.63,normal
15-MaleGlasses.avi,56.67,normal
15-MaleGlasses.avi,57.70,normal
15-MaleGlasses.avi,58.73,normal
15-MaleGlasses.avi,59.77,normal
15-MaleGlasses.avi,60.80,normal
15-MaleGlasses.avi,61.83,normal
15-MaleGlasses.avi,62.87,normal
15-MaleGlasses.avi,63.90,normal
15-MaleGlasses.avi,64.93,normal
15-MaleGlasses.avi,65.97,normal
15-MaleGlasses.avi,67.00,normal
15-MaleGlasses.avi,68.03,yawn
15-MaleGlasses.avi,68.37,yawn
15-MaleGlasses.avi,69.40,normal
15-MaleGlasses.avi,70.43,normal
15-MaleGlasses.avi,71.47,normal
15-MaleGlasses.avi,72.50,normal
15-MaleGlasses.avi,73.53,normal
15-MaleGlasses.avi,74.57,normal
15-MaleGlasses.avi,75.60,normal
15-MaleGlasses.avi,76.63,normal
15-MaleGlasses.avi,77.67,normal
15-MaleGlasses.avi,78.70,normal
15-MaleGlasses.avi,79.73,normal
15-MaleGlasses.avi,80.77,normal
15-MaleGlasses.avi,81.80,normal
15-MaleGlasses.avi,82.83,normal
15-MaleGlasses.avi,83.87,normal
15-MaleGlasses.avi,84.90,normal
15-MaleGlasses.avi,85.93,normal
15-MaleGlasses.avi,86.97,normal
16-MaleNoGlasses.avi,0.00,normal
16-MaleNoGlasses.avi,1.03,normal
16-MaleNoGlasses.avi,2.07,normal
16-MaleNoGlasses.avi,3.10,normal
16-MaleNoGlasses.avi,4.13,normal
16-MaleNoGlasses.avi,5.17,normal
16-MaleNoGlasses.avi,6.20,normal
16-MaleNoGlasses.avi,7.23,normal
16-MaleNoGlasses.avi,8.27,normal
16-MaleNoGlasses.avi,9.30,normal
16-MaleNoGlasses.avi,10.03,yawn
16-MaleNoGlasses.avi,11.07,normal
16-MaleNoGlasses.avi,12.10,normal
16-MaleNoGlasses.avi,13.13,normal
16-MaleNoGlasses.avi,14.17,normal
16-MaleNoGlasses.avi,15.20,normal
16-MaleNoGlasses.avi,16.23,normal
16-MaleNoGlasses.avi,17.27,normal
16-MaleNoGlasses.avi,18.30,normal
16-MaleNoGlasses.avi,19.33,normal
16-MaleNoGlasses.avi,20.37,normal
16-MaleNoGlasses.avi,21.03,yawn
16-MaleNoGlasses.avi,21.37,yawn
16-MaleNoGlasses.avi,21.70,yawn
16-MaleNoGlasses.avi,22.73,normal
16-MaleNoGlasses.avi,23.77,normal
16-MaleNoGlasses.avi,24.80,normal
16-MaleNoGlasses.avi,25.83,normal
16-MaleNoGlasses.avi,26.87,normal
16-MaleNoGlasses.avi,27.90,normal
16-MaleNoGlasses.avi,28.93,normal
16-MaleNoGlasses.avi,29.97,normal
16-MaleNoGlasses.avi,31.00,normal
16-MaleNoGlasses.avi,32.03,normal
16-MaleNoGlasses.avi,33.07,normal
16-MaleNoGlasses.avi,34.10,normal
16-MaleNoGlasses.avi,35.13,normal
16-MaleNoGlasses.avi,36.17,normal
16-MaleNoGlasses.avi,37.20,normal
16-MaleNoGlasses.avi,38.23,normal
16-MaleNoGlasses.avi,39.27,normal
16-MaleNoGlasses.avi,40.30,normal
16-MaleNoGlasses.avi,41.33,normal
16-MaleNoGlasses.avi,42.37,normal
16-MaleNoGlasses.avi,43.40,normal
16-MaleNoGlasses.avi,44.43,normal
16-MaleNoGlasses.avi,45.47,normal
16-MaleNoGlasses.avi,46.03,yawn
16-MaleNoGlasses.avi,46.37,yawn
16-MaleNoGlasses.avi,46.70,yawn
16-MaleNoGlasses.avi,47.03,yawn
16-MaleNoGlasses.avi,47.37,yawn
16-MaleNoGlasses.avi,47.70,yawn
16-MaleNoGlasses.avi,48.03,yawn
16-MaleNoGlasses.avi,48.37,yawn
16-MaleNoGlasses.avi,48.70,yawn
16-MaleNoGlasses.avi,49.03,yawn
16-MaleNoGlasses.avi,50.07,normal
16-MaleNoGlasses.avi,51.10,normal
16-MaleNoGlasses.avi,52.13,normal
16-MaleNoGlasses.avi,53.17,normal
16-MaleNoGlasses.avi,54.20,normal
16-MaleNoGlasses.avi,55.23,normal
16-MaleNoGlasses.avi,56.27,normal
16-MaleNoGlasses.avi,57.30,normal
16-MaleNoGlasses.avi,58.33,normal
16-MaleNoGlasses.avi,59.37,normal
16-MaleNoGlasses.avi,60.40,normal
16-MaleNoGlasses.avi,61.43,normal
16-MaleNoGlasses.avi,62.47,normal
16-MaleNoGlasses.avi,63.50,normal
16-MaleNoGlasses.avi,64.53,normal
16-MaleNoGlasses.avi,65.57,normal
16-MaleNoGlasses.avi,66.60,normal
16-MaleNoGlasses.avi,67.63,normal
16-MaleNoGlasses.avi,68.67,normal
16-MaleNoGlasses.avi,69.70,normal
16-MaleNoGlasses.avi,70.73,normal
16-MaleNoGlasses.avi,71.77,normal
16-MaleNoGlasses.avi,72.80,normal
16-MaleNoGlasses.avi,73.83,normal
16-MaleNoGlasses.avi,74.87,normal
16-MaleNoGlasses.avi,75.90,normal
16-MaleNoGlasses.avi,76.93,normal
16-MaleNoGlasses.avi,77.97,normal
16-MaleNoGlasses.avi,79.00,normal
16-MaleNoGlasses.avi,80.03,normal
16-MaleNoGlasses.avi,81.07,normal
16-MaleNoGlasses.avi,82.10,normal
16-MaleNoGlasses.avi,83.13,normal
1-FemaleNoGlasses.avi,0.00,normal
1-FemaleNoGlasses.avi,1.03,normal
1-FemaleNoGlasses.avi,2.07,normal
1-FemaleNoGlasses.avi,3.10,normal
1-FemaleNoGlasses.avi,4.13,normal
1-FemaleNoGlasses.avi,5.17,normal
1-FemaleNoGlasses.avi,6.20,normal
1-FemaleNoGlasses.avi,7.23,normal
1-FemaleNoGlasses.avi,8.27,normal
1-FemaleNoGlasses.avi,9.30,normal
1-FemaleNoGlasses.avi,10.33,normal
1-FemaleNoGlasses.avi,11.37,normal
1-FemaleNoGlasses.avi,12.40,normal
1-FemaleNoGlasses.avi,13.43,normal
1-FemaleNoGlasses.avi,14.47,normal
1-FemaleNoGlasses.avi,15.50,normal
1-FemaleNoGlasses.avi,16.53,normal
1-FemaleNoGlasses.avi,17.57,normal
1-FemaleNoGlasses.avi,18.60,normal
1-FemaleNoGlasses.avi,19.63,normal
1-FemaleNoGlasses.avi,20.67,normal
1-FemaleNoGlasses.avi,21.70,normal
1-FemaleNoGlasses.avi,22.73,normal
1-FemaleNoGlasses.avi,23.77,normal
1-FemaleNoGlasses.avi,24.80,normal
1-FemaleNoGlasses.avi,26.03,yawn
1-FemaleNoGlasses.avi,26.37,yawn
1-FemaleNoGlasses.avi,26.70,yawn
1-FemaleNoGlasses.avi,27.03,yawn
1-FemaleNoGlasses.avi,27.37,yawn
1-FemaleNoGlasses.avi,27.70,yawn
1-FemaleNoGlasses.avi,28.03,yawn
1-FemaleNoGlasses.avi,28.37,yawn
1-FemaleNoGlasses.avi,28.70,yawn
1-FemaleNoGlasses.avi,29.03,yawn
1-FemaleNoGlasses.avi,29.37,yawn
1-FemaleNoGlasses.avi,29.70,yawn
1-FemaleNoGlasses.avi,30.03,yawn
1-FemaleNoGlasses.avi,30.37,yawn
1-FemaleNoGlasses.avi,30.70,yawn
1-FemaleNoGlasses.avi,31.03,yawn
1-FemaleNoGlasses.avi,31.37,yawn
1-FemaleNoGlasses.avi,32.40,normal
1-FemaleNoGlasses.avi,33.43,normal
1-FemaleNoGlasses.avi,34.47,normal
1-FemaleNoGlasses.avi,35.50,normal
1-FemaleNoGlasses.avi,36.53,normal
1-FemaleNoGlasses.avi,37.57,normal
1-FemaleNoGlasses.avi,38.60,normal
1-FemaleNoGlasses.avi,39.63,normal
1-FemaleNoGlasses.avi,40.67,normal
1-FemaleNoGlasses.avi,41.70,normal
1-FemaleNoGlasses.avi,42.73,normal
1-FemaleNoGlasses.avi,43.77,normal
1-FemaleNoGlasses.avi,44.80,normal
1-FemaleNoGlasses.avi,45.83,normal
1-FemaleNoGlasses.avi,46.87,normal
1-FemaleNoGlasses.avi,47.90,normal
1-FemaleNoGlasses.avi,48.93,normal
1-FemaleNoGlasses.avi,49.97,normal
1-FemaleNoGlasses.avi,51.00,normal
1-FemaleNoGlasses.avi,52.03,normal
1-FemaleNoGlasses.avi,53.07,normal
1-FemaleNoGlasses.avi,54.10,normal
1-FemaleNoGlasses.avi,55.03,yawn
1-FemaleNoGlasses.avi,55.37,yawn
1-FemaleNoGlasses.avi,55.70,yawn
1-FemaleNoGlasses.avi,56.03,yawn
1-FemaleNoGlasses.avi,56.37,yawn
1-FemaleNoGlasses.avi,56.70,yawn
1-FemaleNoGlasses.avi,57.03,yawn
1-FemaleNoGlasses.avi,57.37,yawn
1-FemaleNoGlasses.avi,57.70,yawn
1-FemaleNoGlasses.avi,58.03,yawn
1-FemaleNoGlasses.avi,58.37,yawn
1-FemaleNoGlasses.avi,58.70,yawn
1-FemaleNoGlasses.avi,59.03,yawn
1-FemaleNoGlasses.avi,59.37,yawn
1-FemaleNoGlasses.avi,59.70,yawn
1-FemaleNoGlasses.avi,60.73,normal
1-FemaleNoGlasses.avi,61.77,normal
1-FemaleNoGlasses.avi,62.80,normal
1-FemaleNoGlasses.avi,63.83,normal
1-FemaleNoGlasses.avi,64.87,normal
1-FemaleNoGlasses.avi,65.90,normal
1-FemaleNoGlasses.avi,66.93,normal
1-FemaleNoGlasses.avi,67.97,normal
1-FemaleNoGlasses.avi,69.00,normal
1-FemaleNoGlasses.avi,70.03,normal
1-FemaleNoGlasses.avi,71.07,normal
1-FemaleNoGlasses.avi,72.10,normal
1-FemaleNoGlasses.avi,73.13,normal
1-FemaleNoGlasses.avi,74.17,normal
1-FemaleNoGlasses.avi,75.20,normal
1-FemaleNoGlasses.avi,76.23,normal
1-FemaleNoGlasses.avi,77.27,normal
1-FemaleNoGlasses.avi,78.30,normal
1-FemaleNoGlasses.avi,79.33,normal
1-FemaleNoGlasses.avi,80.03,yawn
1-FemaleNoGlasses.avi,80.37,yawn
1-FemaleNoGlasses.avi,80.70,yawn
1-FemaleNoGlasses.avi,81.03,yawn
1-FemaleNoGlasses.avi,81.37,yawn
1-FemaleNoGlasses.avi,81.70,yawn
1-FemaleNoGlasses.avi,82.03,yawn
1-FemaleNoGlasses.avi,82.37,yawn
1-FemaleNoGlasses.avi,82.70,yawn
1-FemaleNoGlasses.avi,83.03,yawn
1-FemaleNoGlasses.avi,83.37,yawn
1-FemaleNoGlasses.avi,83.70,yawn
1-FemaleNoGlasses.avi,84.03,yawn
1-FemaleNoGlasses.avi,84.37,yawn
1-FemaleNoGlasses.avi,84.70,yawn
1-FemaleNoGlasses.avi,85.03,yawn
1-FemaleNoGlasses.avi,85.37,yawn
1-FemaleNoGlasses.avi,85.70,yawn
1-FemaleNoGlasses.avi,86.03,yawn
1-FemaleNoGlasses.avi,86.37,yawn
1-FemaleNoGlasses.avi,86.70,yawn
1-FemaleNoGlasses.avi,87.03,yawn
1-FemaleNoGlasses.avi,88.07,normal
1-FemaleNoGlasses.avi,89.10,normal
1-FemaleNoGlasses.avi,90.13,normal
1-FemaleNoGlasses.avi,91.17,normal
2-FemaleNoGlasses.avi,0.00,normal
2-FemaleNoGlasses.avi,1.03,normal
2-FemaleNoGlasses.avi,2.07,normal
2-FemaleNoGlasses.avi,3.10,normal
2-FemaleNoGlasses.avi,4.13,normal
2-FemaleNoGlasses.avi,5.17,normal
2-FemaleNoGlasses.avi,6.20,normal
2-FemaleNoGlasses.avi,7.23,normal
2-FemaleNoGlasses.avi,8.27,normal
2-FemaleNoGlasses.avi,9.30,normal
2-FemaleNoGlasses.avi,10.33,normal
2-FemaleNoGlasses.avi,11.03,yawn
2-FemaleNoGlasses.avi,11.37,yawn
2-FemaleNoGlasses.avi,12.40,normal
2-FemaleNoGlasses.avi,13.43,normal
2-FemaleNoGlasses.avi,14.47,normal
2-FemaleNoGlasses.avi,15.50,normal
2-FemaleNoGlasses.avi,16.53,normal
2-FemaleNoGlasses.avi,17.57,normal
2-FemaleNoGlasses.avi,18.60,normal
2-FemaleNoGlasses.avi,19.63,normal
2-FemaleNoGlasses.avi,20.67,normal
2-FemaleNoGlasses.avi,22.03,yawn
2-FemaleNoGlasses.avi,22.37,yawn
2-FemaleNoGlasses.avi,22.70,yawn
2-FemaleNoGlasses.avi,23.03,yawn
2-FemaleNoGlasses.avi,23.37,yawn
2-FemaleNoGlasses.avi,23.70,yawn
2-FemaleNoGlasses.avi,24.73,normal
2-FemaleNoGlasses.avi,25.77,normal
2-FemaleNoGlasses.avi,26.80,normal
2-FemaleNoGlasses.avi,27.83,normal
2-FemaleNoGlasses.avi,28.87,normal
2-FemaleNoGlasses.avi,29.90,normal
2-FemaleNoGlasses.avi,30.93,normal
2-FemaleNoGlasses.avi,31.97,normal
2-FemaleNoGlasses.avi,33.00,normal
2-FemaleNoGlasses.avi,34.03,normal
2-FemaleNoGlasses.avi,35.07,normal
2-FemaleNoGlasses.avi,36.10,normal
2-FemaleNoGlasses.avi,37.13,normal
2-FemaleNoGlasses.avi,38.17,normal
2-FemaleNoGlasses.avi,39.20,normal
2-FemaleNoGlasses.avi,40.23,normal
2-FemaleNoGlasses.avi,41.27,normal
2-FemaleNoGlasses.avi,42.30,normal
2-FemaleNoGlasses.avi,43.33,normal
2-FemaleNoGlasses.avi,44.37,normal
2-FemaleNoGlasses.avi,45.40,normal
2-FemaleNoGlasses.avi,46.43,normal
2-FemaleNoGlasses.avi,47.47,normal
2-FemaleNoGlasses.avi,48.50,normal
2-FemaleNoGlasses.avi,49.53,normal
2-FemaleNoGlasses.avi,50.57,normal
2-FemaleNoGlasses.avi,51.60,normal
2-FemaleNoGlasses.avi,52.63,normal
2-FemaleNoGlasses.avi,53.67,normal
2-FemaleNoGlasses.avi,54.70,normal
2-FemaleNoGlasses.avi,55.73,normal
2-FemaleNoGlasses.avi,56.77,normal
2-FemaleNoGlasses.avi,57.80,normal
2-FemaleNoGlasses.avi,58.83,normal
2-FemaleNoGlasses.avi,60.03,yawn
2-FemaleNoGlasses.avi,60.37,yawn
2-FemaleNoGlasses.avi,60.70,yawn
2-FemaleNoGlasses.avi,61.03,yawn
2-FemaleNoGlasses.avi,61.37,yawn
2-FemaleNoGlasses.avi,62.40,normal
2-FemaleNoGlasses.avi,63.43,normal
2-FemaleNoGlasses.avi,64.47,normal
2-FemaleNoGlasses.avi,65.50,normal
2-FemaleNoGlasses.avi,66.53,normal
2-FemaleNoGlasses.avi,67.57,normal
2-FemaleNoGlasses.avi,68.60,normal
2-FemaleNoGlasses.avi,69.63,normal
2-FemaleNoGlasses.avi,70.67,normal
2-FemaleNoGlasses.avi,71.70,normal
3-FemaleGlasses.avi,0.00,normal
3-FemaleGlasses.avi,1.03,normal
3-FemaleGlasses.avi,2.07,normal
3-FemaleGlasses.avi,3.10,normal
3-FemaleGlasses.avi,4.13,normal
3-FemaleGlasses.avi,5.17,normal
3-FemaleGlasses.avi,6.20,normal
3-FemaleGlasses.avi,7.23,normal
3-FemaleGlasses.avi,8.27,normal
3-FemaleGlasses.avi,9.30,normal
3-FemaleGlasses.avi,10.33,normal
3-FemaleGlasses.avi,11.37,normal
3-FemaleGlasses.avi,12.40,normal
3-FemaleGlasses.avi,13.43,normal
3-FemaleGlasses.avi,14.47,normal
3-FemaleGlasses.avi,15.50,normal
3-FemaleGlasses.avi,16.03,yawn
3-FemaleGlasses.avi,16.37,yawn
3-FemaleGlasses.avi,16.70,yawn
3-FemaleGlasses.avi,17.03,yawn
3-FemaleGlasses.avi,17.37,yawn
3-FemaleGlasses.avi,17.70,yawn
3-FemaleGlasses.avi,18.03,yawn
3-FemaleGlasses.avi,19.07,normal
3-FemaleGlasses.avi,20.10,normal
3-FemaleGlasses.avi,21.13,normal
3-FemaleGlasses.avi,22.17,normal
3-FemaleGlasses.avi,23.20,normal
3-FemaleGlasses.avi,24.23,normal
3-FemaleGlasses.avi,25.27,normal
3-FemaleGlasses.avi,26.30,normal
3-FemaleGlasses.avi,27.33,normal
3-FemaleGlasses.avi,28.37,normal
3-FemaleGlasses.avi,29.40,normal
3-FemaleGlasses.avi,30.43,normal
3-FemaleGlasses.avi,31.47,normal
3-FemaleGlasses.avi,32.50,normal
3-FemaleGlasses.avi,33.53,normal
3-FemaleGlasses.avi,34.57,normal
3-FemaleGlasses.avi,35.60,normal
3-FemaleGlasses.avi,36.63,normal
3-FemaleGlasses.avi,37.67,normal
3-FemaleGlasses.avi,38.70,normal
3-FemaleGlasses.avi,39.73,normal
3-FemaleGlasses.avi,41.03,yawn
3-FemaleGlasses.avi,41.37,yawn
3-FemaleGlasses.avi,41.70,yawn
3-FemaleGlasses.avi,42.03,yawn
3-FemaleGlasses.avi,42.37,yawn
3-FemaleGlasses.avi,42.70,yawn
3-FemaleGlasses.avi,43.03,yawn
3-FemaleGlasses.avi,43.37,yawn
3-FemaleGlasses.avi,43.70,yawn
3-FemaleGlasses.avi,44.03,yawn
3-FemaleGlasses.avi,44.37,yawn
3-FemaleGlasses.avi,44.70,yawn
3-FemaleGlasses.avi,45.73,normal
3-FemaleGlasses.avi,46.77,normal
3-FemaleGlasses.avi,47.80,normal
3-FemaleGlasses.avi,48.83,normal
3-FemaleGlasses.avi,49.87,normal
3-FemaleGlasses.avi,50.90,normal
3-FemaleGlasses.avi,51.93,normal
3-FemaleGlasses.avi,52.97,normal
3-FemaleGlasses.avi,54.00,normal
3-FemaleGlasses.avi,55.03,normal
3-FemaleGlasses.avi,56.07,normal
3-FemaleGlasses.avi,57.10,normal
3-FemaleGlasses.avi,58.13,normal
3-FemaleGlasses.avi,59.17,normal
3-FemaleGlasses.avi,60.20,normal
3-FemaleGlasses.avi,61.23,normal
3-FemaleGlasses.avi,62.27,normal
3-FemaleGlasses.avi,63.30,normal
3-FemaleGlasses.avi,64.33,normal
3-FemaleGlasses.avi,65.37,normal
3-FemaleGlasses.avi,66.40,normal
3-FemaleGlasses.avi,67.43,normal
3-FemaleGlasses.avi,68.03,yawn
3-FemaleGlasses.avi,68.37,yawn
3-FemaleGlasses.avi,68.70,yawn
3-FemaleGlasses.avi,69.03,yawn
3-FemaleGlasses.avi,69.37,yawn
3-FemaleGlasses.avi,69.70,yawn
3-FemaleGlasses.avi,70.03,yawn
3-FemaleGlasses.avi,70.37,yawn
3-FemaleGlasses.avi,70.70,yawn
3-FemaleGlasses.avi,71.03,yawn
3-FemaleGlasses.avi,71.37,yawn
3-FemaleGlasses.avi,72.40,normal
3-FemaleGlasses.avi,73.43,normal
3-FemaleGlasses.avi,74.47,normal
3-FemaleGlasses.avi,75.50,normal
3-FemaleGlasses.avi,76.53,normal
3-FemaleGlasses.avi,77.57,normal
3-FemaleGlasses.avi,78.60,normal
3-FemaleGlasses.avi,79.63,normal
3-FemaleGlasses.avi,80.67,normal
3-FemaleGlasses.avi,81.70,normal
3-FemaleGlasses.avi,82.73,normal
3-FemaleGlasses.avi,83.77,normal
3-FemaleGlasses.avi,84.80,normal
3-FemaleGlasses.avi,85.83,normal
3-FemaleGlasses.avi,86.87,normal
3-FemaleGlasses.avi,87.90,normal
3-FemaleGlasses.avi,88.93,normal
3-FemaleGlasses.avi,89.97,normal
3-FemaleGlasses.avi,91.00,normal
3-FemaleGlasses.avi,92.03,normal
3-FemaleGlasses.avi,93.03,yawn
3-FemaleGlasses.avi,93.37,yawn
3-FemaleGlasses.avi,93.70,yawn
3-FemaleGlasses.avi,94.03,yawn
3-FemaleGlasses.avi,94.37,yawn
3-FemaleGlasses.avi,94.70,yawn
3-FemaleGlasses.avi,95.03,yawn
3-FemaleGlasses.avi,95.37,yawn
3-FemaleGlasses.avi,95.70,yawn
3-FemaleGlasses.avi,96.03,yawn
3-FemaleGlasses.avi,96.37,yawn
3-FemaleGlasses.avi,97.40,normal
3-FemaleGlasses.avi,98.43,normal
3-FemaleGlasses.avi,99.47,normal
3-FemaleGlasses.avi,100.50,normal
3-FemaleGlasses.avi,101.53,normal
4-FemaleNoGlasses.avi,0.00,normal
4-FemaleNoGlasses.avi,1.03,normal
4-FemaleNoGlasses.avi,2.07,normal
4-FemaleNoGlasses.avi,3.10,normal
4-FemaleNoGlasses.avi,4.13,normal
4-FemaleNoGlasses.avi,5.17,normal
4-FemaleNoGlasses.avi,6.20,normal
4-FemaleNoGlasses.avi,7.23,normal
4-FemaleNoGlasses.avi,8.27,normal
4-FemaleNoGlasses.avi,9.30,normal
4-FemaleNoGlasses.avi,10.33,normal
4-FemaleNoGlasses.avi,11.37,normal
4-FemaleNoGlasses.avi,12.40,normal
4-FemaleNoGlasses.avi,13.43,normal
4-FemaleNoGlasses.avi,14.03,yawn
4-FemaleNoGlasses.avi,14.37,yawn
4-FemaleNoGlasses.avi,14.70,yawn
4-FemaleNoGlasses.avi,15.03,yawn
4-FemaleNoGlasses.avi,16.07,normal
4-FemaleNoGlasses.avi,17.10,normal
4-FemaleNoGlasses.avi,18.13,normal
4-FemaleNoGlasses.avi,19.17,normal
4-FemaleNoGlasses.avi,20.20,normal
4-FemaleNoGlasses.avi,21.23,normal
4-FemaleNoGlasses.avi,22.27,normal
4-FemaleNoGlasses.avi,23.30,normal
4-FemaleNoGlasses.avi,24.33,normal
4-FemaleNoGlasses.avi,25.37,normal
4-FemaleNoGlasses.avi,26.40,normal
4-FemaleNoGlasses.avi,27.43,normal
4-FemaleNoGlasses.avi,28.47,normal
4-FemaleNoGlasses.avi,29.50,normal
4-FemaleNoGlasses.avi,30.53,normal
4-FemaleNoGlasses.avi,31.57,normal
4-FemaleNoGlasses.avi,32.60,normal
4-FemaleNoGlasses.avi,34.03,yawn
4-FemaleNoGlasses.avi,34.37,yawn
4-FemaleNoGlasses.avi,34.70,yawn
4-FemaleNoGlasses.avi,35.03,yawn
4-FemaleNoGlasses.avi,36.07,normal
4-FemaleNoGlasses.avi,37.10,normal
4-FemaleNoGlasses.avi,38.13,normal
4-FemaleNoGlasses.avi,39.17,normal
4-FemaleNoGlasses.avi,40.20,normal
4-FemaleNoGlasses.avi,41.23,normal
4-FemaleNoGlasses.avi,42.27,normal
4-FemaleNoGlasses.avi,43.30,normal
4-FemaleNoGlasses.avi,44.33,normal
4-FemaleNoGlasses.avi,45.37,normal
4-FemaleNoGlasses.avi,46.40,normal
4-FemaleNoGlasses.avi,47.43,normal
4-FemaleNoGlasses.avi,48.47,normal
4-FemaleNoGlasses.avi,49.50,normal
5-FemaleNoGlasses.avi,0.00,normal
5-FemaleNoGlasses.avi,1.03,normal
5-FemaleNoGlasses.avi,2.07,normal
5-FemaleNoGlasses.avi,3.10,normal
5-FemaleNoGlasses.avi,4.13,normal
5-FemaleNoGlasses.avi,5.17,normal
5-FemaleNoGlasses.avi,6.20,normal
5-FemaleNoGlasses.avi,7.23,normal
5-FemaleNoGlasses.avi,8.27,normal
5-FemaleNoGlasses.avi,9.30,normal
5-FemaleNoGlasses.avi,10.33,normal
5-FemaleNoGlasses.avi,11.37,normal
5-FemaleNoGlasses.avi,12.40,normal
5-FemaleNoGlasses.avi,13.43,normal
5-FemaleNoGlasses.avi,14.47,normal
5-FemaleNoGlasses.avi,15.50,normal
5-FemaleNoGlasses.avi,16.53,normal
5-FemaleNoGlasses.avi,17.57,normal
5-FemaleNoGlasses.avi,18.60,normal
5-FemaleNoGlasses.avi,19.03,yawn
5-FemaleNoGlasses.avi,19.37,yawn
5-FemaleNoGlasses.avi,19.70,yawn
5-FemaleNoGlasses.avi,20.03,yawn
5-FemaleNoGlasses.avi,20.37,yawn
5-FemaleNoGlasses.avi,20.70,yawn
5-FemaleNoGlasses.avi,21.73,normal
5-FemaleNoGlasses.avi,22.77,normal
5-FemaleNoGlasses.avi,23.80,normal
5-FemaleNoGlasses.avi,24.83,normal
5-FemaleNoGlasses.avi,25.87,normal
5-FemaleNoGlasses.avi,26.90,normal
5-FemaleNoGlasses.avi,27.93,normal
5-FemaleNoGlasses.avi,28.97,normal
5-FemaleNoGlasses.avi,30.00,normal
5-FemaleNoGlasses.avi,31.03,normal
5-FemaleNoGlasses.avi,32.07,normal
5-FemaleNoGlasses.avi,33.10,normal
5-FemaleNoGlasses.avi,34.13,normal
5-FemaleNoGlasses.avi,35.17,normal
5-FemaleNoGlasses.avi,36.20,normal
5-FemaleNoGlasses.avi,37.03,yawn
5-FemaleNoGlasses.avi,37.37,yawn
5-FemaleNoGlasses.avi,37.70,yawn
5-FemaleNoGlasses.avi,38.73,normal
5-FemaleNoGlasses.avi,39.77,normal
5-FemaleNoGlasses.avi,40.80,normal
5-FemaleNoGlasses.avi,41.83,normal
5-FemaleNoGlasses.avi,42.87,normal
5-FemaleNoGlasses.avi,43.90,normal
5-FemaleNoGlasses.avi,44.93,normal
5-FemaleNoGlasses.avi,45.97,normal
5-FemaleNoGlasses.avi,47.00,normal
5-FemaleNoGlasses.avi,48.03,normal
5-FemaleNoGlasses.avi,49.07,normal
5-FemaleNoGlasses.avi,50.10,normal
5-FemaleNoGlasses.avi,51.13,normal
5-FemaleNoGlasses.avi,52.17,normal
5-FemaleNoGlasses.avi,53.20,normal
5-FemaleNoGlasses.avi,54.23,normal
5-FemaleNoGlasses.avi,55.27,normal
5-FemaleNoGlasses.avi,56.30,normal
5-FemaleNoGlasses.avi,57.33,normal
5-FemaleNoGlasses.avi,58.37,normal
5-FemaleNoGlasses.avi,59.40,normal
5-FemaleNoGlasses.avi,60.43,normal
5-FemaleNoGlasses.avi,61.47,normal
5-FemaleNoGlasses.avi,62.50,normal
5-FemaleNoGlasses.avi,64.03,yawn
5-FemaleNoGlasses.avi,64.37,yawn
5-FemaleNoGlasses.avi,65.40,normal
5-FemaleNoGlasses.avi,66.43,normal
5-FemaleNoGlasses.avi,67.47,normal
5-FemaleNoGlasses.avi,68.50,normal
5-FemaleNoGlasses.avi,69.53,normal
5-FemaleNoGlasses.avi,70.57,normal
5-FemaleNoGlasses.avi,71.60,normal
6-FemaleNoGlasses.avi,0.00,normal
6-FemaleNoGlasses.avi,1.03,normal
6-FemaleNoGlasses.avi,2.07,normal
6-FemaleNoGlasses.avi,3.10,normal
6-FemaleNoGlasses.avi,4.13,normal
6-FemaleNoGlasses.avi,5.03,yawn
6-FemaleNoGlasses.avi,5.37,yawn
6-FemaleNoGlasses.avi,5.70,yawn
6-FemaleNoGlasses.avi,6.03,yawn
6-FemaleNoGlasses.avi,6.37,yawn
6-FemaleNoGlasses.avi,6.70,yawn
6-FemaleNoGlasses.avi,7.03,yawn
6-FemaleNoGlasses.avi,7.37,yawn
6-FemaleNoGlasses.avi,7.70,yawn
6-FemaleNoGlasses.avi,8.73,normal
6-FemaleNoGlasses.avi,9.77,normal
6-FemaleNoGlasses.avi,10.80,normal
6-FemaleNoGlasses.avi,11.83,normal
6-FemaleNoGlasses.avi,12.87,normal
6-FemaleNoGlasses.avi,14.03,yawn
6-FemaleNoGlasses.avi,14.37,yawn
6-FemaleNoGlasses.avi,14.70,yawn
6-FemaleNoGlasses.avi,15.03,yawn
6-FemaleNoGlasses.avi,15.37,yawn
6-FemaleNoGlasses.avi,15.70,yawn
6-FemaleNoGlasses.avi,16.03,yawn
6-FemaleNoGlasses.avi,16.37,yawn
6-FemaleNoGlasses.avi,16.70,yawn
6-FemaleNoGlasses.avi,17.73,normal
6-FemaleNoGlasses.avi,18.77,normal
6-FemaleNoGlasses.avi,19.80,normal
6-FemaleNoGlasses.avi,20.83,normal
6-FemaleNoGlasses.avi,21.87,normal
6-FemaleNoGlasses.avi,22.90,normal
6-FemaleNoGlasses.avi,23.93,normal
6-FemaleNoGlasses.avi,24.97,normal
6-FemaleNoGlasses.avi,26.00,normal
6-FemaleNoGlasses.avi,27.03,normal
6-FemaleNoGlasses.avi,28.07,normal
6-FemaleNoGlasses.avi,29.03,yawn
6-FemaleNoGlasses.avi,29.37,yawn
6-FemaleNoGlasses.avi,29.70,yawn
6-FemaleNoGlasses.avi,30.03,yawn
6-FemaleNoGlasses.avi,30.37,yawn
6-FemaleNoGlasses.avi,30.70,yawn
6-FemaleNoGlasses.avi,31.03,yawn
6-FemaleNoGlasses.avi,31.37,yawn
6-FemaleNoGlasses.avi,31.70,yawn
6-FemaleNoGlasses.avi,32.03,yawn
6-FemaleNoGlasses.avi,32.37,yawn
6-FemaleNoGlasses.avi,32.70,yawn
6-FemaleNoGlasses.avi,33.03,yawn
6-FemaleNoGlasses.avi,33.37,yawn
6-FemaleNoGlasses.avi,33.70,yawn
6-FemaleNoGlasses.avi,34.73,normal
6-FemaleNoGlasses.avi,35.77,normal
6-FemaleNoGlasses.avi,36.80,normal
6-FemaleNoGlasses.avi,37.83,normal
6-FemaleNoGlasses.avi,38.87,normal
6-FemaleNoGlasses.avi,39.90,normal
6-FemaleNoGlasses.avi,40.93,normal
6-FemaleNoGlasses.avi,41.97,normal
6-FemaleNoGlasses.avi,43.00,normal
6-FemaleNoGlasses.avi,44.03,normal
6-FemaleNoGlasses.avi,45.07,normal
6-FemaleNoGlasses.avi,46.10,normal
6-FemaleNoGlasses.avi,47.13,normal
6-FemaleNoGlasses.avi,48.17,normal
6-FemaleNoGlasses.avi,49.20,normal
7-FemaleNoGlasses.avi,0.00,normal
7-FemaleNoGlasses.avi,1.03,normal
7-FemaleNoGlasses.avi,2.07,normal
7-FemaleNoGlasses.avi,3.10,normal
7-FemaleNoGlasses.avi,4.13,normal
7-FemaleNoGlasses.avi,5.17,normal
7-FemaleNoGlasses.avi,6.20,normal
7-FemaleNoGlasses.avi,7.23,normal
7-FemaleNoGlasses.avi,8.27,normal
7-FemaleNoGlasses.avi,9.30,normal
7-FemaleNoGlasses.avi,10.33,normal
7-FemaleNoGlasses.avi,11.37,normal
7-FemaleNoGlasses.avi,12.40,normal
7-FemaleNoGlasses.avi,13.43,normal
7-FemaleNoGlasses.avi,14.47,normal
7-FemaleNoGlasses.avi,15.50,normal
7-FemaleNoGlasses.avi,16.53,normal
7-FemaleNoGlasses.avi,17.57,normal
7-FemaleNoGlasses.avi,18.60,normal
7-FemaleNoGlasses.avi,19.63,normal
7-FemaleNoGlasses.avi,20.67,normal
7-FemaleNoGlasses.avi,21.70,normal
7-FemaleNoGlasses.avi,22.03,yawn
7-FemaleNoGlasses.avi,22.37,yawn
7-FemaleNoGlasses.avi,22.70,yawn
7-FemaleNoGlasses.avi,23.03,yawn
7-FemaleNoGlasses.avi,24.07,normal
7-FemaleNoGlasses.avi,25.10,normal
7-FemaleNoGlasses.avi,26.13,normal
7-FemaleNoGlasses.avi,27.17,normal
7-FemaleNoGlasses.avi,28.20,normal
7-FemaleNoGlasses.avi,29.23,normal
7-FemaleNoGlasses.avi,30.27,normal
7-FemaleNoGlasses.avi,31.30,normal
7-FemaleNoGlasses.avi,32.33,normal
7-FemaleNoGlasses.avi,33.37,normal
7-FemaleNoGlasses.avi,34.40,normal
7-FemaleNoGlasses.avi,35.43,normal
7-FemaleNoGlasses.avi,36.47,normal
7-FemaleNoGlasses.avi,37.50,normal
7-FemaleNoGlasses.avi,38.53,normal
7-FemaleNoGlasses.avi,39.57,normal
7-FemaleNoGlasses.avi,40.60,normal
7-FemaleNoGlasses.avi,41.63,normal
7-FemaleNoGlasses.avi,42.67,normal
7-FemaleNoGlasses.avi,43.70,normal
7-FemaleNoGlasses.avi,45.03,yawn
7-FemaleNoGlasses.avi,45.37,yawn
7-FemaleNoGlasses.avi,45.70,yawn
7-FemaleNoGlasses.avi,46.73,normal
7-FemaleNoGlasses.avi,47.77,normal
7-FemaleNoGlasses.avi,48.80,normal
7-FemaleNoGlasses.avi,49.83,normal
7-FemaleNoGlasses.avi,50.87,normal
7-FemaleNoGlasses.avi,51.90,normal
7-FemaleNoGlasses.avi,52.93,normal
7-FemaleNoGlasses.avi,53.97,normal
7-FemaleNoGlasses.avi,55.00,normal
7-FemaleNoGlasses.avi,56.03,normal
7-FemaleNoGlasses.avi,57.07,normal
7-FemaleNoGlasses.avi,58.10,normal
7-FemaleNoGlasses.avi,59.13,normal
7-FemaleNoGlasses.avi,60.03,yawn
7-FemaleNoGlasses.avi,60.37,yawn
7-FemaleNoGlasses.avi,60.70,yawn
7-FemaleNoGlasses.avi,61.03,yawn
7-FemaleNoGlasses.avi,61.37,yawn
7-FemaleNoGlasses.avi,61.70,yawn
7-FemaleNoGlasses.avi,62.73,normal
7-FemaleNoGlasses.avi,63.77,normal
7-FemaleNoGlasses.avi,64.80,normal
7-FemaleNoGlasses.avi,65.83,normal
7-FemaleNoGlasses.avi,66.87,normal
7-FemaleNoGlasses.avi,67.90,normal
7-FemaleNoGlasses.avi,68.93,normal
7-FemaleNoGlasses.avi,69.97,normal
7-FemaleNoGlasses.avi,71.00,normal
7-FemaleNoGlasses.avi,72.03,normal
7-FemaleNoGlasses.avi,73.07,normal
7-FemaleNoGlasses.avi,74.10,normal
7-FemaleNoGlasses.avi,75.13,normal
7-FemaleNoGlasses.avi,76.17,normal
7-FemaleNoGlasses.avi,77.20,normal
7-FemaleNoGlasses.avi,78.23,normal
7-FemaleNoGlasses.avi,79.27,normal
7-FemaleNoGlasses.avi,80.30,normal
7-FemaleNoGlasses.avi,81.33,normal
7-FemaleNoGlasses.avi,82.37,normal
7-FemaleNoGlasses.avi,83.40,normal
7-FemaleNoGlasses.avi,84.43,normal
7-FemaleNoGlasses.avi,85.47,normal
7-FemaleNoGlasses.avi,86.50,normal
7-FemaleNoGlasses.avi,87.53,normal
7-FemaleNoGlasses.avi,88.57,normal
7-FemaleNoGlasses.avi,89.60,normal
7-FemaleNoGlasses.avi,90.63,normal
7-FemaleNoGlasses.avi,91.67,normal
7-FemaleNoGlasses.avi,92.70,normal
7-FemaleNoGlasses.avi,93.73,normal
7-FemaleNoGlasses.avi,94.77,normal
7-FemaleNoGlasses.avi,95.80,normal
7-FemaleNoGlasses.avi,96.83,normal
7-FemaleNoGlasses.avi,97.87,normal
7-FemaleNoGlasses.avi,98.90,normal
7-FemaleNoGlasses.avi,99.93,normal
7-FemaleNoGlasses.avi,100.97,normal
7-FemaleNoGlasses.avi,102.00,normal
7-FemaleNoGlasses.avi,103.03,normal
7-FemaleNoGlasses.avi,104.07,normal
7-FemaleNoGlasses.avi,105.10,normal
7-FemaleNoGlasses.avi,106.13,normal
7-FemaleNoGlasses.avi,107.17,normal
7-FemaleNoGlasses.avi,108.20,normal
7-FemaleNoGlasses.avi,109.23,normal
7-FemaleNoGlasses.avi,110.27,normal
7-FemaleNoGlasses.avi,111.30,normal
7-FemaleNoGlasses.avi,112.33,normal
7-FemaleNoGlasses.avi,114.03,yawn
7-FemaleNoGlasses.avi,114.37,yawn
7-FemaleNoGlasses.avi,114.70,yawn
7-FemaleNoGlasses.avi,115.03,yawn
7-FemaleNoGlasses.avi,116.07,normal
7-FemaleNoGlasses.avi,117.10,normal
7-FemaleNoGlasses.avi,118.13,normal
7-FemaleNoGlasses.avi,119.17,normal
7-FemaleNoGlasses.avi,120.20,normal
8-FemaleGlasses.avi.avi,0.00,normal
8-FemaleGlasses.avi.avi,1.03,normal
8-FemaleGlasses.avi.avi,2.07,normal
8-FemaleGlasses.avi.avi,3.10,normal
8-FemaleGlasses.avi.avi,4.13,normal
8-FemaleGlasses.avi.avi,5.17,normal
8-FemaleGlasses.avi.avi,6.20,normal
8-FemaleGlasses.avi.avi,7.23,normal
8-FemaleGlasses.avi.avi,8.27,normal
8-FemaleGlasses.avi.avi,9.30,normal
8-FemaleGlasses.avi.avi,10.33,normal
8-FemaleGlasses.avi.avi,11.37,normal
8-FemaleGlasses.avi.avi,12.40,normal
8-FemaleGlasses.avi.avi,13.43,normal
8-FemaleGlasses.avi.avi,14.47,normal
8-FemaleGlasses.avi.avi,15.50,normal
8-FemaleGlasses.avi.avi,16.53,normal
8-FemaleGlasses.avi.avi,17.57,normal
8-FemaleGlasses.avi.avi,18.60,normal
8-FemaleGlasses.avi.avi,19.63,normal
8-FemaleGlasses.avi.avi,20.67,normal
8-FemaleGlasses.avi.avi,21.70,normal
8-FemaleGlasses.avi.avi,22.73,normal
8-FemaleGlasses.avi.avi,24.03,yawn
8-FemaleGlasses.avi.avi,24.37,yawn
8-FemaleGlasses.avi.avi,24.70,yawn
8-FemaleGlasses.avi.avi,25.03,yawn
8-FemaleGlasses.avi.avi,25.37,yawn
8-FemaleGlasses.avi.avi,26.40,normal
8-FemaleGlasses.avi.avi,27.43,normal
8-FemaleGlasses.avi.avi,28.47,normal
8-FemaleGlasses.avi.avi,29.50,normal
8-FemaleGlasses.avi.avi,30.53,normal
8-FemaleGlasses.avi.avi,31.57,normal
8-FemaleGlasses.avi.avi,32.60,normal
8-FemaleGlasses.avi.avi,33.63,normal
8-FemaleGlasses.avi.avi,34.67,normal
8-FemaleGlasses.avi.avi,35.70,normal
8-FemaleGlasses.avi.avi,37.03,yawn
8-FemaleGlasses.avi.avi,37.37,yawn
8-FemaleGlasses.avi.avi,37.70,yawn
8-FemaleGlasses.avi.avi,38.03,yawn
8-FemaleGlasses.avi.avi,38.37,yawn
8-FemaleGlasses.avi.avi,38.70,yawn
8-FemaleGlasses.avi.avi,39.73,normal
8-FemaleGlasses.avi.avi,40.77,normal
8-FemaleGlasses.avi.avi,41.80,normal
8-FemaleGlasses.avi.avi,42.83,normal
8-FemaleGlasses.avi.avi,43.87,normal
8-FemaleGlasses.avi.avi,44.90,normal
8-FemaleGlasses.avi.avi,45.93,normal
8-FemaleGlasses.avi.avi,46.27,yawn
8-FemaleGlasses.avi.avi,46.60,yawn
8-FemaleGlasses.avi.avi,46.93,yawn
8-FemaleGlasses.avi.avi,47.27,yawn
8-FemaleGlasses.avi.avi,47.60,yawn
8-FemaleGlasses.avi.avi,47.93,yawn
8-FemaleGlasses.avi.avi,48.27,yawn
8-FemaleGlasses.avi.avi,48.60,yawn
8-FemaleGlasses.avi.avi,49.63,normal
8-FemaleGlasses.avi.avi,50.67,normal
8-FemaleGlasses.avi.avi,51.70,normal
8-FemaleGlasses.avi.avi,52.73,normal
8-FemaleGlasses.avi.avi,53.77,normal
8-FemaleGlasses.avi.avi,54.80,normal
8-FemaleGlasses.avi.avi,55.83,normal
8-FemaleGlasses.avi.avi,56.87,normal
8-FemaleGlasses.avi.avi,57.90,normal
8-FemaleGlasses.avi.avi,58.93,normal
8-FemaleGlasses.avi.avi,59.97,normal
8-FemaleGlasses.avi.avi,61.00,normal
8-FemaleGlasses.avi.avi,62.03,normal
8-FemaleGlasses.avi.avi,63.07,normal
8-FemaleGlasses.avi.avi,64.10,normal
8-FemaleGlasses.avi.avi,65.13,normal
8-FemaleGlasses.avi.avi,66.17,normal
8-FemaleGlasses.avi.avi,67.20,normal
8-FemaleGlasses.avi.avi,69.03,yawn
8-FemaleGlasses.avi.avi,69.37,yawn
8-FemaleGlasses.avi.avi,69.70,yawn
8-FemaleGlasses.avi.avi,70.03,yawn
8-FemaleGlasses.avi.avi,71.07,normal
8-FemaleGlasses.avi.avi,72.10,normal
8-FemaleGlasses.avi.avi,73.13,normal
8-FemaleGlasses.avi.avi,74.17,normal
8-FemaleGlasses.avi.avi,75.20,normal
8-FemaleGlasses.avi.avi,76.23,normal
9-FemaleNoGlasses.avi,0.00,normal
9-FemaleNoGlasses.avi,1.03,normal
9-FemaleNoGlasses.avi,2.07,normal
9-FemaleNoGlasses.avi,3.10,normal
9-FemaleNoGlasses.avi,4.13,normal
9-FemaleNoGlasses.avi,5.17,normal
9-FemaleNoGlasses.avi,6.20,normal
9-FemaleNoGlasses.avi,7.23,normal
9-FemaleNoGlasses.avi,8.27,normal
9-FemaleNoGlasses.avi,9.30,normal
9-FemaleNoGlasses.avi,10.33,normal
9-FemaleNoGlasses.avi,11.37,normal
9-FemaleNoGlasses.avi,12.40,normal
9-FemaleNoGlasses.avi,13.43,normal
9-FemaleNoGlasses.avi,14.47,normal
9-FemaleNoGlasses.avi,15.50,normal
9-FemaleNoGlasses.avi,16.53,normal
9-FemaleNoGlasses.avi,17.57,normal
9-FemaleNoGlasses.avi,18.60,normal
9-FemaleNoGlasses.avi,19.63,normal
9-FemaleNoGlasses.avi,20.67,normal
9-FemaleNoGlasses.avi,21.70,normal
9-FemaleNoGlasses.avi,22.73,normal
9-FemaleNoGlasses.avi,23.77,normal
9-FemaleNoGlasses.avi,24.80,normal
9-FemaleNoGlasses.avi,25.13,yawn
9-FemaleNoGlasses.avi,25.47,yawn
9-FemaleNoGlasses.avi,26.50,normal
9-FemaleNoGlasses.avi,27.53,normal
9-FemaleNoGlasses.avi,28.57,normal
9-FemaleNoGlasses.avi,29.60,normal
9-FemaleNoGlasses.avi,30.63,normal
9-FemaleNoGlasses.avi,31.67,normal
9-FemaleNoGlasses.avi,32.70,normal
9-FemaleNoGlasses.avi,33.73,normal
9-FemaleNoGlasses.avi,34.77,normal
9-FemaleNoGlasses.avi,35.80,normal
9-FemaleNoGlasses.avi,36.83,normal
9-FemaleNoGlasses.avi,38.03,yawn
9-FemaleNoGlasses.avi,38.37,yawn
9-FemaleNoGlasses.avi,38.70,yawn
9-FemaleNoGlasses.avi,39.73,normal
9-FemaleNoGlasses.avi,40.77,normal
9-FemaleNoGlasses.avi,41.80,normal
9-FemaleNoGlasses.avi,42.83,normal
9-FemaleNoGlasses.avi,43.87,normal
9-FemaleNoGlasses.avi,44.90,normal
9-FemaleNoGlasses.avi,45.93,normal
9-FemaleNoGlasses.avi,46.97,normal
9-FemaleNoGlasses.avi,48.00,normal
9-FemaleNoGlasses.avi,49.03,normal
9-FemaleNoGlasses.avi,50.07,normal
10-FemaleNoGlasses.avi,0.00,normal
10-FemaleNoGlasses.avi,1.03,normal
10-FemaleNoGlasses.avi,2.07,normal
10-FemaleNoGlasses.avi,3.10,normal
10-FemaleNoGlasses.avi,4.13,normal
10-FemaleNoGlasses.avi,5.17,normal
10-FemaleNoGlasses.avi,6.20,normal
10-FemaleNoGlasses.avi,7.23,normal
10-FemaleNoGlasses.avi,8.27,normal
10-FemaleNoGlasses.avi,9.30,normal
10-FemaleNoGlasses.avi,10.33,normal
10-FemaleNoGlasses.avi,11.37,normal
10-FemaleNoGlasses.avi,12.40,normal
10-FemaleNoGlasses.avi,13.43,normal
10-FemaleNoGlasses.avi,14.47,normal
10-FemaleNoGlasses.avi,15.50,normal
10-FemaleNoGlasses.avi,16.53,normal
10-FemaleNoGlasses.avi,17.57,normal
10-FemaleNoGlasses.avi,18.60,normal
10-FemaleNoGlasses.avi,19.63,normal
10-FemaleNoGlasses.avi,20.67,normal
10-FemaleNoGlasses.avi,21.70,normal
10-FemaleNoGlasses.avi,22.73,normal
10-FemaleNoGlasses.avi,23.77,normal
10-FemaleNoGlasses.avi,24.80,normal
10-FemaleNoGlasses.avi,25.83,normal
10-FemaleNoGlasses.avi,26.87,normal
10-FemaleNoGlasses.avi,27.90,normal
10-FemaleNoGlasses.avi,28.93,normal
10-FemaleNoGlasses.avi,29.97,normal
10-FemaleNoGlasses.avi,31.00,normal
10-FemaleNoGlasses.avi,32.03,normal
10-FemaleNoGlasses.avi,33.07,normal
10-FemaleNoGlasses.avi,34.10,normal
10-FemaleNoGlasses.avi,35.13,normal
10-FemaleNoGlasses.avi,36.17,normal
10-FemaleNoGlasses.avi,37.20,normal
10-FemaleNoGlasses.avi,38.23,normal
10-FemaleNoGlasses.avi,39.27,normal
10-FemaleNoGlasses.avi,40.30,normal
11-FemaleGlasses.avi.avi,0.00,normal
11-FemaleGlasses.avi.avi,1.03,normal
11-FemaleGlasses.avi.avi,2.07,normal
11-FemaleGlasses.avi.avi,3.10,normal
11-FemaleGlasses.avi.avi,4.13,normal
11-FemaleGlasses.avi.avi,5.17,normal
11-FemaleGlasses.avi.avi,6.20,normal
11-FemaleGlasses.avi.avi,7.23,normal
11-FemaleGlasses.avi.avi,8.27,normal
11-FemaleGlasses.avi.avi,9.30,normal
11-FemaleGlasses.avi.avi,10.33,normal
11-FemaleGlasses.avi.avi,12.03,yawn
11-FemaleGlasses.avi.avi,12.37,yawn
11-FemaleGlasses.avi.avi,13.40,normal
11-FemaleGlasses.avi.avi,14.43,normal
11-FemaleGlasses.avi.avi,15.47,normal
11-FemaleGlasses.avi.avi,16.50,normal
11-FemaleGlasses.avi.avi,17.53,normal
11-FemaleGlasses.avi.avi,18.57,normal
11-FemaleGlasses.avi.avi,19.60,normal
11-FemaleGlasses.avi.avi,20.63,normal
11-FemaleGlasses.avi.avi,21.67,normal
11-FemaleGlasses.avi.avi,22.70,normal
11-FemaleGlasses.avi.avi,23.73,normal
11-FemaleGlasses.avi.avi,25.03,yawn
11-FemaleGlasses.avi.avi,25.37,yawn
11-FemaleGlasses.avi.avi,25.70,yawn
11-FemaleGlasses.avi.avi,26.03,yawn
11-FemaleGlasses.avi.avi,26.37,yawn
11-FemaleGlasses.avi.avi,26.70,yawn
11-FemaleGlasses.avi.avi,27.03,yawn
11-FemaleGlasses.avi.avi,28.07,normal
11-FemaleGlasses.avi.avi,29.10,normal
11-FemaleGlasses.avi.avi,30.13,normal
11-FemaleGlasses.avi.avi,31.17,normal
11-FemaleGlasses.avi.avi,32.20,normal
11-FemaleGlasses.avi.avi,33.23,normal
11-FemaleGlasses.avi.avi,34.27,normal
11-FemaleGlasses.avi.avi,35.30,normal
11-FemaleGlasses.avi.avi,36.33,normal
11-FemaleGlasses.avi.avi,37.37,normal
11-FemaleGlasses.avi.avi,38.40,normal
11-FemaleGlasses.avi.avi,39.43,normal
11-FemaleGlasses.avi.avi,40.47,normal
11-FemaleGlasses.avi.avi,41.50,normal
11-FemaleGlasses.avi.avi,42.53,normal
11-FemaleGlasses.avi.avi,44.03,yawn
11-FemaleGlasses.avi.avi,44.37,yawn
11-FemaleGlasses.avi.avi,44.70,yawn
11-FemaleGlasses.avi.avi,45.03,yawn
11-FemaleGlasses.avi.avi,45.37,yawn
11-FemaleGlasses.avi.avi,45.70,yawn
11-FemaleGlasses.avi.avi,46.73,normal
11-FemaleGlasses.avi.avi,47.77,normal
11-FemaleGlasses.avi.avi,48.80,normal
11-FemaleGlasses.avi.avi,49.83,normal
11-FemaleGlasses.avi.avi,50.87,normal
11-FemaleGlasses.avi.avi,51.90,normal
11-FemaleGlasses.avi.avi,52.93,normal
11-FemaleGlasses.avi.avi,53.97,normal
11-FemaleGlasses.avi.avi,55.00,normal
11-FemaleGlasses.avi.avi,56.03,normal
12-FemaleGlasses.avi.avi,0.00,normal
12-FemaleGlasses.avi.avi,1.03,normal
12-FemaleGlasses.avi.avi,2.07,normal
12-FemaleGlasses.avi.avi,3.10,normal
12-FemaleGlasses.avi.avi,4.13,normal
12-FemaleGlasses.avi.avi,5.17,normal
12-FemaleGlasses.avi.avi,6.20,normal
12-FemaleGlasses.avi.avi,7.23,normal
12-FemaleGlasses.avi.avi,8.27,normal
12-FemaleGlasses.avi.avi,9.30,normal
12-FemaleGlasses.avi.avi,10.33,normal
12-FemaleGlasses.avi.avi,11.37,normal
12-FemaleGlasses.avi.avi,12.40,normal
12-FemaleGlasses.avi.avi,13.43,normal
12-FemaleGlasses.avi.avi,14.47,normal
12-FemaleGlasses.avi.avi,15.50,normal
12-FemaleGlasses.avi.avi,16.53,normal
12-FemaleGlasses.avi.avi,17.57,normal
12-FemaleGlasses.avi.avi,18.60,normal
12-FemaleGlasses.avi.avi,19.63,normal
12-FemaleGlasses.avi.avi,20.67,normal
12-FemaleGlasses.avi.avi,21.70,normal
12-FemaleGlasses.avi.avi,22.73,normal
12-FemaleGlasses.avi.avi,23.77,normal
12-FemaleGlasses.avi.avi,24.80,normal
12-FemaleGlasses.avi.avi,25.83,normal
12-FemaleGlasses.avi.avi,26.87,normal
12-FemaleGlasses.avi.avi,27.90,normal
12-FemaleGlasses.avi.avi,28.93,normal
12-FemaleGlasses.avi.avi,29.97,normal
12-FemaleGlasses.avi.avi,31.00,normal
12-FemaleGlasses.avi.avi,32.03,normal
12-FemaleGlasses.avi.avi,33.07,normal
12-FemaleGlasses.avi.avi,34.10,normal
12-FemaleGlasses.avi.avi,35.13,normal
12-FemaleGlasses.avi.avi,36.17,normal
12-FemaleGlasses.avi.avi,37.20,normal
12-FemaleGlasses.avi.avi,38.23,normal
12-FemaleGlasses.avi.avi,39.03,yawn
12-FemaleGlasses.avi.avi,39.37,yawn
12-FemaleGlasses.avi.avi,39.70,yawn
12-FemaleGlasses.avi.avi,40.03,yawn
12-FemaleGlasses.avi.avi,40.37,yawn
12-FemaleGlasses.avi.avi,40.70,yawn
12-FemaleGlasses.avi.avi,41.03,yawn
12-FemaleGlasses.avi.avi,42.07,normal
12-FemaleGlasses.avi.avi,43.10,normal
12-FemaleGlasses.avi.avi,44.13,normal
12-FemaleGlasses.avi.avi,45.17,normal
12-FemaleGlasses.avi.avi,46.20,normal
12-FemaleGlasses.avi.avi,47.23,normal
12-FemaleGlasses.avi.avi,48.27,normal
12-FemaleGlasses.avi.avi,49.30,normal
12-FemaleGlasses.avi.avi,50.33,normal
12-FemaleGlasses.avi.avi,51.37,normal
12-FemaleGlasses.avi.avi,52.40,normal
12-FemaleGlasses.avi.avi,53.43,normal
12-FemaleGlasses.avi.avi,54.47,normal
12-FemaleGlasses.avi.avi,55.50,normal
12-FemaleGlasses.avi.avi,56.53,normal
12-FemaleGlasses.avi.avi,57.57,normal
12-FemaleGlasses.avi.avi,58.60,normal
12-FemaleGlasses.avi.avi,59.63,normal
12-FemaleGlasses.avi.avi,61.03,yawn
12-FemaleGlasses.avi.avi,61.37,yawn
12-FemaleGlasses.avi.avi,61.70,yawn
12-FemaleGlasses.avi.avi,62.03,yawn
12-FemaleGlasses.avi.avi,62.37,yawn
12-FemaleGlasses.avi.avi,62.70,yawn
12-FemaleGlasses.avi.avi,63.03,yawn
12-FemaleGlasses.avi.avi,64.07,normal
12-FemaleGlasses.avi.avi,65.10,normal
12-FemaleGlasses.avi.avi,66.13,normal
12-FemaleGlasses.avi.avi,67.17,normal
12-FemaleGlasses.avi.avi,68.20,normal
12-FemaleGlasses.avi.avi,69.23,normal
12-FemaleGlasses.avi.avi,70.27,normal
12-FemaleGlasses.avi.avi,71.30,normal
12-FemaleGlasses.avi.avi,72.33,normal
12-FemaleGlasses.avi.avi,73.37,normal
12-FemaleGlasses.avi.avi,74.40,normal
12-FemaleGlasses.avi.avi,75.43,normal
12-FemaleGlasses.avi.avi,76.47,normal
12-FemaleGlasses.avi.avi,77.50,normal
12-FemaleGlasses.avi.avi,78.53,normal
12-FemaleGlasses.avi.avi,79.57,normal
12-FemaleGlasses.avi.avi,80.60,normal
12-FemaleGlasses.avi.avi,81.63,normal
12-FemaleGlasses.avi.avi,82.67,normal
12-FemaleGlasses.avi.avi,83.70,normal
13-FemaleGlasses.avi.avi,0.00,normal
13-FemaleGlasses.avi.avi,1.03,normal
13-FemaleGlasses.avi.avi,2.07,normal
13-FemaleGlasses.avi.avi,3.10,normal
13-FemaleGlasses.avi.avi,4.13,normal
13-FemaleGlasses.avi.avi,5.17,normal
13-FemaleGlasses.avi.avi,6.20,normal
13-FemaleGlasses.avi.avi,7.23,normal
13-FemaleGlasses.avi.avi,8.27,normal
13-FemaleGlasses.avi.avi,9.30,normal
13-FemaleGlasses.avi.avi,10.33,normal
13-FemaleGlasses.avi.avi,11.37,normal
13-FemaleGlasses.avi.avi,12.40,normal
13-FemaleGlasses.avi.avi,13.43,normal
13-FemaleGlasses.avi.avi,14.47,normal
13-FemaleGlasses.avi.avi,15.50,normal
13-FemaleGlasses.avi.avi,16.53,normal
13-FemaleGlasses.avi.avi,17.57,normal
13-FemaleGlasses.avi.avi,18.60,normal
13-FemaleGlasses.avi.avi,19.63,normal
13-FemaleGlasses.avi.avi,20.67,normal
13-FemaleGlasses.avi.avi,21.70,normal
13-FemaleGlasses.avi.avi,22.73,normal
13-FemaleGlasses.avi.avi,23.77,normal
13-FemaleGlasses.avi.avi,24.80,normal
13-FemaleGlasses.avi.avi,25.83,normal
13-FemaleGlasses.avi.avi,26.87,normal
13-FemaleGlasses.avi.avi,27.90,normal
13-FemaleGlasses.avi.avi,28.93,normal
13-FemaleGlasses.avi.avi,29.97,normal
13-FemaleGlasses.avi.avi,31.00,normal
13-FemaleGlasses.avi.avi,32.03,normal
13-FemaleGlasses.avi.avi,33.03,yawn
13-FemaleGlasses.avi.avi,33.37,yawn
13-FemaleGlasses.avi.avi,33.70,yawn
13-FemaleGlasses.avi.avi,34.73,normal
13-FemaleGlasses.avi.avi,35.77,normal
13-FemaleGlasses.avi.avi,36.80,normal
13-FemaleGlasses.avi.avi,37.83,normal
13-FemaleGlasses.avi.avi,38.87,normal
13-FemaleGlasses.avi.avi,39.90,normal
13-FemaleGlasses.avi.avi,40.93,normal
13-FemaleGlasses.avi.avi,41.97,normal
13-FemaleGlasses.avi.avi,43.00,normal
13-FemaleGlasses.avi.avi,44.03,normal
13-FemaleGlasses.avi.avi,45.07,normal
13-FemaleGlasses.avi.avi,46.10,normal
13-FemaleGlasses.avi.avi,47.13,normal
13-FemaleGlasses.avi.avi,48.17,normal
13-FemaleGlasses.avi.avi,49.20,normal
13-FemaleGlasses.avi.avi,50.23,normal
13-FemaleGlasses.avi.avi,51.27,normal
13-FemaleGlasses.avi.avi,52.30,normal
13-FemaleGlasses.avi.avi,53.33,normal
13-FemaleGlasses.avi.avi,54.37,normal
13-FemaleGlasses.avi.avi,55.03,yawn
13-FemaleGlasses.avi.avi,55.37,yawn
13-FemaleGlasses.avi.avi,55.70,yawn
13-FemaleGlasses.avi.avi,56.73,normal
13-FemaleGlasses.avi.avi,57.77,normal
13-FemaleGlasses.avi.avi,58.80,normal
13-FemaleGlasses.avi.avi,59.83,normal
13-FemaleGlasses.avi.avi,60.87,normal
13-FemaleGlasses.avi.avi,61.90,normal
13-FemaleGlasses.avi.avi,62.93,normal
13-FemaleGlasses.avi.avi,63.97,normal
13-FemaleGlasses.avi.avi,65.00,normal
13-FemaleGlasses.avi.avi,66.03,normal
13-FemaleGlasses.avi.avi,67.07,normal
13-FemaleGlasses.avi.avi,68.10,normal
13-FemaleGlasses.avi.avi,69.13,normal
13-FemaleGlasses.avi.avi,70.17,normal
13-FemaleGlasses.avi.avi,71.20,normal
13-FemaleGlasses.avi.avi,72.23,normal
13-FemaleGlasses.avi.avi,73.27,normal
13-FemaleGlasses.avi.avi,74.30,normal
13-FemaleGlasses.avi.avi,75.33,normal
13-FemaleGlasses.avi.avi,76.37,normal
13-FemaleGlasses.avi.avi,77.40,normal
13-FemaleGlasses.avi.avi,78.43,normal
13-FemaleGlasses.avi.avi,79.47,normal
13-FemaleGlasses.avi.avi,80.50,normal
13-FemaleGlasses.avi.avi,81.53,normal
13-FemaleGlasses.avi.avi,82.57,normal
1-MaleNoGlasses-Yawning.avi,0.00,normal
1-MaleNoGlasses-Yawning.avi,1.00,normal
1-MaleNoGlasses-Yawning.avi,2.00,normal
1-MaleNoGlasses-Yawning.avi,3.00,normal
1-MaleNoGlasses-Yawning.avi,4.00,normal
1-MaleNoGlasses-Yawning.avi,5.01,normal
1-MaleNoGlasses-Yawning.avi,6.01,yawn
1-MaleNoGlasses-Yawning.avi,6.31,yawn
1-MaleNoGlasses-Yawning.avi,6.61,yawn
1-MaleNoGlasses-Yawning.avi,6.91,yawn
1-MaleNoGlasses-Yawning.avi,7.21,yawn
1-MaleNoGlasses-Yawning.avi,7.51,yawn
1-MaleNoGlasses-Yawning.avi,8.51,normal
1-MaleNoGlasses-Yawning.avi,9.51,normal
1-MaleNoGlasses-Yawning.avi,10.51,normal
1-MaleNoGlasses-Yawning.avi,11.51,normal
1-MaleNoGlasses-Yawning.avi,12.51,normal
1-MaleNoGlasses-Yawning.avi,13.51,normal
1-MaleNoGlasses-Yawning.avi,14.51,normal
2-MaleGlasses-Yawning.avi,0.00,normal
2-MaleGlasses-Yawning.avi,1.00,normal
2-MaleGlasses-Yawning.avi,2.00,normal
2-MaleGlasses-Yawning.avi,3.00,normal
2-MaleGlasses-Yawning.avi,4.00,normal
2-MaleGlasses-Yawning.avi,5.01,yawn
2-MaleGlasses-Yawning.avi,5.31,yawn
2-MaleGlasses-Yawning.avi,5.61,yawn
2-MaleGlasses-Yawning.avi,5.91,yawn
2-MaleGlasses-Yawning.avi,6.21,yawn
2-MaleGlasses-Yawning.avi,6.51,yawn
2-MaleGlasses-Yawning.avi,6.81,yawn
2-MaleGlasses-Yawning.avi,7.11,yawn
2-MaleGlasses-Yawning.avi,7.41,yawn
2-MaleGlasses-Yawning.avi,7.71,yawn
2-MaleGlasses-Yawning.avi,8.01,yawn
2-MaleGlasses-Yawning.avi,8.31,yawn
2-MaleGlasses-Yawning.avi,8.61,yawn
2-MaleGlasses-Yawning.avi,8.91,yawn
2-MaleGlasses-Yawning.avi,9.21,yawn
2-MaleGlasses-Yawning.avi,9.51,yawn
2-MaleGlasses-Yawning.avi,9.81,yawn
2-MaleGlasses-Yawning.avi,10.81,normal
2-MaleGlasses-Yawning.avi,11.81,normal
2-MaleGlasses-Yawning.avi,12.81,normal
2-MaleGlasses-Yawning.avi,13.81,normal
3-MaleGlasses-Yawning.avi,0.00,normal
3-MaleGlasses-Yawning.avi,1.00,normal
3-MaleGlasses-Yawning.avi,2.00,normal
3-MaleGlasses-Yawning.avi,3.00,yawn
3-MaleGlasses-Yawning.avi,3.30,yawn
3-MaleGlasses-Yawning.avi,3.60,yawn
3-MaleGlasses-Yawning.avi,3.90,yawn
3-MaleGlasses-Yawning.avi,4.20,yawn
3-MaleGlasses-Yawning.avi,4.50,yawn
3-MaleGlasses-Yawning.avi,4.80,yawn
3-MaleGlasses-Yawning.avi,5.11,yawn
3-MaleGlasses-Yawning.avi,5.41,yawn
3-MaleGlasses-Yawning.avi,5.71,yawn
3-MaleGlasses-Yawning.avi,6.71,normal
3-MaleGlasses-Yawning.avi,7.71,normal
3-MaleGlasses-Yawning.avi,8.71,normal
3-MaleGlasses-Yawning.avi,9.71,normal
3-MaleGlasses-Yawning.avi,10.71,normal
3-MaleGlasses-Yawning.avi,11.71,normal
3-MaleGlasses-Yawning.avi,12.71,normal
3-MaleGlasses-Yawning.avi,13.71,normal
3-MaleGlasses-Yawning.avi,14.71,normal
3-MaleGlasses-Yawning.avi,15.72,normal
3-MaleGlasses-Yawning.avi,16.72,normal
3-MaleNoGlasses-Yawning.avi,0.00,normal
3-MaleNoGlasses-Yawning.avi,1.00,normal
3-MaleNoGlasses-Yawning.avi,2.00,normal
3-MaleNoGlasses-Yawning.avi,3.00,normal
3-MaleNoGlasses-Yawning.avi,4.00,yawn
3-MaleNoGlasses-Yawning.avi,4.30,yawn
3-MaleNoGlasses-Yawning.avi,4.60,yawn
3-MaleNoGlasses-Yawning.avi,4.90,yawn
3-MaleNoGlasses-Yawning.avi,5.21,yawn
3-MaleNoGlasses-Yawning.avi,5.51,yawn
3-MaleNoGlasses-Yawning.avi,5.81,yawn
3-MaleNoGlasses-Yawning.avi,7.01,normal
3-MaleNoGlasses-Yawning.avi,8.01,normal
3-MaleNoGlasses-Yawning.avi,9.01,normal
3-MaleNoGlasses-Yawning.avi,10.01,normal
3-MaleNoGlasses-Yawning.avi,11.01,normal
3-MaleNoGlasses-Yawning.avi,12.01,normal
3-MaleNoGlasses-Yawning.avi,13.01,normal
3-MaleNoGlasses-Yawning.avi,14.01,normal
3-MaleNoGlasses-Yawning.avi,15.02,normal
3-MaleNoGlasses-Yawning.avi,16.02,normal
3-MaleNoGlasses-Yawning.avi,17.02,normal
3-MaleNoGlasses-Yawning.avi,18.02,normal
3-MaleNoGlasses-Yawning.avi,19.02,normal
4-MaleNoGlasses-Yawning.avi,0.00,normal
4-MaleNoGlasses-Yawning.avi,1.00,normal
4-MaleNoGlasses-Yawning.avi,2.00,yawn
4-MaleNoGlasses-Yawning.avi,2.30,yawn
4-MaleNoGlasses-Yawning.avi,2.60,yawn
4-MaleNoGlasses-Yawning.avi,2.90,yawn
4-MaleNoGlasses-Yawning.avi,3.20,yawn
4-MaleNoGlasses-Yawning.avi,3.50,yawn
4-MaleNoGlasses-Yawning.avi,3.80,yawn
4-MaleNoGlasses-Yawning.avi,4.10,yawn
4-MaleNoGlasses-Yawning.avi,4.40,yawn
4-MaleNoGlasses-Yawning.avi,4.70,yawn
4-MaleNoGlasses-Yawning.avi,5.01,yawn
4-MaleNoGlasses-Yawning.avi,5.31,yawn
4-MaleNoGlasses-Yawning.avi,5.61,yawn
4-MaleNoGlasses-Yawning.avi,5.91,yawn
4-MaleNoGlasses-Yawning.avi,6.21,yawn
4-MaleNoGlasses-Yawning.avi,7.21,normal
4-MaleNoGlasses-Yawning.avi,8.21,normal
4-MaleNoGlasses-Yawning.avi,9.21,normal
4-MaleNoGlasses-Yawning.avi,10.21,normal
4-MaleNoGlasses-Yawning.avi,11.21,normal
4-MaleNoGlasses-Yawning.avi,12.21,normal
4-MaleNoGlasses-Yawning.avi,13.21,normal
4-MaleNoGlasses-Yawning.avi,14.21,normal
5-MaleNoGlasses-Yawning.avi,0.00,normal
5-MaleNoGlasses-Yawning.avi,1.00,normal
5-MaleNoGlasses-Yawning.avi,2.00,normal
5-MaleNoGlasses-Yawning.avi,3.00,normal
5-MaleNoGlasses-Yawning.avi,4.00,normal
5-MaleNoGlasses-Yawning.avi,5.01,yawn
5-MaleNoGlasses-Yawning.avi,5.31,yawn
5-MaleNoGlasses-Yawning.avi,5.61,yawn
5-MaleNoGlasses-Yawning.avi,5.91,yawn
5-MaleNoGlasses-Yawning.avi,6.21,yawn
5-MaleNoGlasses-Yawning.avi,7.21,normal
5-MaleNoGlasses-Yawning.avi,8.21,normal
5-MaleNoGlasses-Yawning.avi,9.21,normal
5-MaleNoGlasses-Yawning.avi,10.21,normal
5-MaleNoGlasses-Yawning.avi,11.21,normal
5-MaleNoGlasses-Yawning.avi,12.01,yawn
5-MaleNoGlasses-Yawning.avi,12.31,yawn
5-MaleNoGlasses-Yawning.avi,12.61,yawn
5-MaleNoGlasses-Yawning.avi,12.91,yawn
5-MaleNoGlasses-Yawning.avi,13.21,yawn
5-MaleNoGlasses-Yawning.avi,13.51,yawn
5-MaleNoGlasses-Yawning.avi,13.81,yawn
5-MaleNoGlasses-Yawning.avi,14.11,yawn
5-MaleNoGlasses-Yawning.avi,14.41,yawn
5-MaleNoGlasses-Yawning.avi,14.71,yawn
5-MaleNoGlasses-Yawning.avi,15.02,yawn
5-MaleNoGlasses-Yawning.avi,16.02,normal
5-MaleNoGlasses-Yawning.avi,17.02,normal
5-MaleNoGlasses-Yawning.avi,18.02,normal
6-MaleNoGlasses-Yawning.avi,0.00,normal
6-MaleNoGlasses-Yawning.avi,1.00,normal
6-MaleNoGlasses-Yawning.avi,2.00,yawn
6-MaleNoGlasses-Yawning.avi,2.30,yawn
6-MaleNoGlasses-Yawning.avi,2.60,yawn
6-MaleNoGlasses-Yawning.avi,2.90,yawn
6-MaleNoGlasses-Yawning.avi,3.20,yawn
6-MaleNoGlasses-Yawning.avi,3.50,yawn
6-MaleNoGlasses-Yawning.avi,3.80,yawn
6-MaleNoGlasses-Yawning.avi,5.01,normal
6-MaleNoGlasses-Yawning.avi,6.01,normal
6-MaleNoGlasses-Yawning.avi,7.01,yawn
6-MaleNoGlasses-Yawning.avi,7.31,yawn
6-MaleNoGlasses-Yawning.avi,7.61,yawn
6-MaleNoGlasses-Yawning.avi,7.91,yawn
6-MaleNoGlasses-Yawning.avi,8.21,yawn
6-MaleNoGlasses-Yawning.avi,9.21,normal
22-FemaleNoGlasses-Yawning.avi,0.00,normal
22-FemaleNoGlasses-Yawning.avi,1.00,normal
22-FemaleNoGlasses-Yawning.avi,2.00,normal
22-FemaleNoGlasses-Yawning.avi,3.00,normal
22-FemaleNoGlasses-Yawning.avi,4.00,normal
22-FemaleNoGlasses-Yawning.avi,5.01,normal
22-FemaleNoGlasses-Yawning.avi,6.01,normal
22-FemaleNoGlasses-Yawning.avi,7.01,yawn
22-FemaleNoGlasses-Yawning.avi,7.31,yawn
22-FemaleNoGlasses-Yawning.avi,7.61,yawn
22-FemaleNoGlasses-Yawning.avi,7.91,yawn
22-FemaleNoGlasses-Yawning.avi,8.21,yawn
22-FemaleNoGlasses-Yawning.avi,8.51,yawn
22-FemaleNoGlasses-Yawning.avi,8.81,yawn
22-FemaleNoGlasses-Yawning.avi,9.11,yawn
22-FemaleNoGlasses-Yawning.avi,9.41,yawn
22-FemaleNoGlasses-Yawning.avi,10.41,normal
22-FemaleNoGlasses-Yawning.avi,11.41,normal
22-FemaleNoGlasses-Yawning.avi,12.41,normal
22-FemaleNoGlasses-Yawning.avi,13.41,normal
22-FemaleNoGlasses-Yawning.avi,14.41,normal
22-FemaleNoGlasses-Yawning.avi,15.42,normal
22-FemaleNoGlasses-Yawning.avi,16.42,normal
22-FemaleNoGlasses-Yawning.avi,17.42,normal
22-FemaleNoGlasses-Yawning.avi,18.42,normal
22-FemaleNoGlasses-Yawning.avi,19.42,normal
22-FemaleNoGlasses-Yawning.avi,20.42,normal
24-FemaleNoGlasses-Yawning.avi,0.00,normal
24-FemaleNoGlasses-Yawning.avi,1.00,normal
24-FemaleNoGlasses-Yawning.avi,2.00,normal
24-FemaleNoGlasses-Yawning.avi,3.00,normal
24-FemaleNoGlasses-Yawning.avi,4.00,normal
24-FemaleNoGlasses-Yawning.avi,5.01,normal
24-FemaleNoGlasses-Yawning.avi,6.01,normal
24-FemaleNoGlasses-Yawning.avi,7.01,yawn
24-FemaleNoGlasses-Yawning.avi,7.31,yawn
24-FemaleNoGlasses-Yawning.avi,8.31,normal
24-FemaleNoGlasses-Yawning.avi,9.31,normal
24-FemaleNoGlasses-Yawning.avi,10.31,normal
24-FemaleNoGlasses-Yawning.avi,11.31,normal
24-FemaleNoGlasses-Yawning.avi,12.31,normal
24-FemaleNoGlasses-Yawning.avi,14.01,yawn
24-FemaleNoGlasses-Yawning.avi,14.31,yawn
24-FemaleNoGlasses-Yawning.avi,14.61,yawn
24-FemaleNoGlasses-Yawning.avi,14.91,yawn
24-FemaleNoGlasses-Yawning.avi,15.22,yawn
24-FemaleNoGlasses-Yawning.avi,15.52,yawn
24-FemaleNoGlasses-Yawning.avi,15.82,yawn
24-FemaleNoGlasses-Yawning.avi,16.12,yawn
24-FemaleNoGlasses-Yawning.avi,17.12,normal
24-FemaleNoGlasses-Yawning.avi,18.12,normal
24-FemaleNoGlasses-Yawning.avi,19.12,normal
24-FemaleNoGlasses-Yawning.avi,20.12,normal
24-FemaleNoGlasses-Yawning.avi,21.12,normal
10-FemaleNoGlasses-Yawning.avi,0.00,normal
10-FemaleNoGlasses-Yawning.avi,1.00,normal
10-FemaleNoGlasses-Yawning.avi,2.00,yawn
10-FemaleNoGlasses-Yawning.avi,2.30,yawn
10-FemaleNoGlasses-Yawning.avi,2.60,yawn
10-FemaleNoGlasses-Yawning.avi,2.90,yawn
10-FemaleNoGlasses-Yawning.avi,3.20,yawn
10-FemaleNoGlasses-Yawning.avi,3.50,yawn
10-FemaleNoGlasses-Yawning.avi,3.80,yawn
10-FemaleNoGlasses-Yawning.avi,4.10,yawn
10-FemaleNoGlasses-Yawning.avi,4.40,yawn
10-FemaleNoGlasses-Yawning.avi,4.70,yawn
10-FemaleNoGlasses-Yawning.avi,5.01,yawn
10-FemaleNoGlasses-Yawning.avi,6.01,normal
10-FemaleNoGlasses-Yawning.avi,7.01,normal
10-FemaleNoGlasses-Yawning.avi,8.01,normal
10-FemaleNoGlasses-Yawning.avi,9.01,normal
10-FemaleNoGlasses-Yawning.avi,10.01,normal
10-FemaleNoGlasses-Yawning.avi,11.01,normal
10-FemaleNoGlasses-Yawning.avi,12.01,normal
10-FemaleNoGlasses-Yawning.avi,13.01,yawn
10-FemaleNoGlasses-Yawning.avi,13.31,yawn
10-FemaleNoGlasses-Yawning.avi,13.61,yawn
10-FemaleNoGlasses-Yawning.avi,13.91,yawn
10-FemaleNoGlasses-Yawning.avi,14.21,yawn
10-FemaleNoGlasses-Yawning.avi,14.51,yawn
10-FemaleNoGlasses-Yawning.avi,14.81,yawn
10-FemaleNoGlasses-Yawning.avi,15.12,yawn
10-FemaleNoGlasses-Yawning.avi,15.42,yawn
10-FemaleNoGlasses-Yawning.avi,15.72,yawn
10-FemaleNoGlasses-Yawning.avi,16.02,yawn
10-FemaleNoGlasses-Yawning.avi,16.32,yawn
10-FemaleNoGlasses-Yawning.avi,17.32,normal
10-FemaleNoGlasses-Yawning.avi,18.32,normal
10-FemaleNoGlasses-Yawning.avi,19.32,normal
10-FemaleNoGlasses-Yawning.avi,20.32,normal
